taxonomy_kingdom,taxonomy_phylum,taxonomy_class,taxonomy_order,taxonomy_family,taxonomy_genus,taxonomy_scientific_name,characteristics_habitat
Animalia,Rotifera,Eurotatoria,Flosculariaceae,Flosculariidae,Sinantherina,Sinantherina triglandularis,['FRESHWATER']
Animalia,Rotifera,Eurotatoria,Ploima,Lepadellidae,Lepadella,Lepadella salisburii,['FRESHWATER']
Animalia,Rotifera,Eurotatoria,Bdelloidea,Philodinidae,Macrotrachela,Macrotrachela microcornis,['FRESHWATER']
Animalia,Rotifera,Eurotatoria,Bdelloidea,Habrotrochidae,Habrotrocha,Habrotrocha bidens,['FRESHWATER']
Animalia,Rotifera,Eurotatoria,Bdelloidea,Habrotrochidae,Habrotrocha,Habrotrocha reclusa,['FRESHWATER']
Animalia,Rotifera,Eurotatoria,Ploima,Dicranophoridae,Streptognatha,Streptognatha lepta,['FRESHWATER']
Animalia,Rotifera,Eurotatoria,Collothecacea,Atrochidae,Acyclus,Acyclus inquietus,['FRESHWATER']
Animalia,Rotifera,Eurotatoria,Flosculariaceae,Trochosphaeridae,Filinia,Filinia cornuta,['FRESHWATER']
Animalia,Rotifera,Eurotatoria,Bdelloidea,Habrotrochidae,Habrotrocha,Habrotrocha sylvestris,['FRESHWATER']
Animalia,Rotifera,Eurotatoria,Ploima,Dicranophoridae,Parencentrum,Parencentrum plicatum,['FRESHWATER']
Animalia,Rotifera,Eurotatoria,Ploima,Lepadellidae,Lepadella,Lepadella curvicaudata,['FRESHWATER']
Animalia,Rotifera,Eurotatoria,Bdelloidea,Philodinidae,Philodina,Philodina striata,['FRESHWATER']
Animalia,Rotifera,Eurotatoria,Bdelloidea,Habrotrochidae,Habrotrocha,Habrotrocha subtilis,['FRESHWATER']
Animalia,Rotifera,Eurotatoria,Bdelloidea,Habrotrochidae,Habrotrocha,Habrotrocha roeperi,['FRESHWATER']
Animalia,Rotifera,Eurotatoria,Bdelloidea,Philodinidae,Mniobia,Mniobia punctata,['FRESHWATER']
Animalia,Rotifera,Eurotatoria,Ploima,Lepadellidae,Lepadella,Lepadella margalefi,['FRESHWATER']
Animalia,Rotifera,Eurotatoria,Bdelloidea,Philodinidae,Macrotrachela,Macrotrachela natans,['FRESHWATER']
Animalia,Rotifera,Eurotatoria,Bdelloidea,Philodinidae,Rotaria,Rotaria rotatoria,[]
Animalia,Rotifera,Eurotatoria,Bdelloidea,Habrotrochidae,Habrotrocha,Habrotrocha scabropyga,['FRESHWATER']
Animalia,Rotifera,Eurotatoria,Flosculariaceae,Conochilidae,Conochilus,Conochilus unicornis,[]
Animalia,Rotifera,Eurotatoria,Bdelloidea,Habrotrochidae,Habrotrocha,Habrotrocha bartosi,['FRESHWATER']
Animalia,Rotifera,Eurotatoria,Flosculariaceae,Trochosphaeridae,Filinia,Filinia novaezealandiae,['FRESHWATER']
Animalia,Rotifera,Eurotatoria,Bdelloidea,Philodinidae,Embata,Embata hamata,['FRESHWATER']
Animalia,Rotifera,Eurotatoria,Ploima,Lepadellidae,Lepadella,Lepadella monodactyla,['FRESHWATER']
Animalia,Rotifera,Eurotatoria,Ploima,Gastropodidae,Ascomorpha,Ascomorpha saltans,[]
Animalia,Rotifera,Eurotatoria,Bdelloidea,Philodinidae,Rotaria,Rotaria murrayi,['FRESHWATER']
Animalia,Rotifera,Eurotatoria,Bdelloidea,Philodinavidae,Abrochtha,Abrochtha intermedia,['FRESHWATER']
Animalia,Rotifera,Eurotatoria,Collothecacea,Collothecidae,Collotheca,Collotheca judayi,['FRESHWATER']
Animalia,Rotifera,Eurotatoria,Collothecacea,Collothecidae,Collotheca,Collotheca discophora,['FRESHWATER']
Animalia,Rotifera,Eurotatoria,Bdelloidea,Philodinidae,Pleuretra,Pleuretra hystrix,['FRESHWATER']
Animalia,Rotifera,Eurotatoria,Bdelloidea,Philodinidae,Rotaria,Rotaria exoculis,['FRESHWATER']
Animalia,Rotifera,Eurotatoria,Bdelloidea,Philodinidae,Macrotrachela,Macrotrachela longistyla,['FRESHWATER']
Animalia,Rotifera,Eurotatoria,Ploima,Lepadellidae,Lepadella,Lepadella rhomboidula,['FRESHWATER']
Animalia,Rotifera,Eurotatoria,Flosculariaceae,Trochosphaeridae,Trochosphaera,Trochosphaera solstitialis,['FRESHWATER']
Animalia,Rotifera,Eurotatoria,Bdelloidea,Habrotrochidae,Habrotrocha,Habrotrocha elusa,['FRESHWATER']
Animalia,Rotifera,Eurotatoria,Flosculariaceae,Flosculariidae,Ptygura,Ptygura elsteri,['FRESHWATER']
Animalia,Rotifera,Eurotatoria,Bdelloidea,Philodinavidae,Philodinavus,Philodinavus aussiensis,['FRESHWATER']
Animalia,Rotifera,Eurotatoria,Bdelloidea,Philodinidae,Pleuretra,Pleuretra lineata,['FRESHWATER']
Animalia,Rotifera,Eurotatoria,Ploima,Lepadellidae,Colurella,Colurella adriatica,[]
Animalia,Rotifera,Eurotatoria,Bdelloidea,Habrotrochidae,Habrotrocha,Habrotrocha curvicollis,['FRESHWATER']
Animalia,Rotifera,Eurotatoria,Bdelloidea,Philodinidae,Pleuretra,Pleuretra alpium,['FRESHWATER']
Animalia,Rotifera,Eurotatoria,Ploima,Lepadellidae,Lepadella,Lepadella punctata,['FRESHWATER']
Animalia,Rotifera,Eurotatoria,Bdelloidea,Philodinidae,Rotaria,Rotaria laticeps,['FRESHWATER']
Animalia,Rotifera,Eurotatoria,Ploima,Lepadellidae,Lepadella,Lepadella dorsalis,['FRESHWATER']
Animalia,Rotifera,Eurotatoria,Flosculariaceae,Hexarthridae,Hexarthra,Hexarthra longicornicula,['FRESHWATER']
Animalia,Rotifera,Eurotatoria,Ploima,Dicranophoridae,Donneria,Donneria sudzukii,['FRESHWATER']
Animalia,Rotifera,Eurotatoria,Ploima,Lepadellidae,Squatinella,Squatinella pseudorostrum,['FRESHWATER']
Animalia,Rotifera,Eurotatoria,Bdelloidea,Habrotrochidae,Habrotrocha,Habrotrocha flaviformis,['FRESHWATER']
Animalia,Rotifera,Eurotatoria,Bdelloidea,Philodinidae,Macrotrachela,Macrotrachela festinans,['FRESHWATER']
Animalia,Rotifera,Eurotatoria,Ploima,Lepadellidae,Lepadella,Lepadella costata,['FRESHWATER']
Animalia,Rotifera,Eurotatoria,Flosculariaceae,Flosculariidae,Limnias,Limnias melicerta,[]
Animalia,Rotifera,Eurotatoria,Bdelloidea,Philodinidae,Macrotrachela,Macrotrachela armillata,['FRESHWATER']
Animalia,Rotifera,Eurotatoria,Bdelloidea,Philodinidae,Mniobia,Mniobia lineata,['FRESHWATER']
Animalia,Rotifera,Eurotatoria,Ploima,Lepadellidae,Squatinella,Squatinella longispinata,['FRESHWATER']
Animalia,Rotifera,Eurotatoria,Bdelloidea,Habrotrochidae,Otostephanos,Otostephanos kostei,['FRESHWATER']
Animalia,Rotifera,Eurotatoria,Flosculariaceae,Testudinellidae,Pompholyx,Pompholyx complanata,['FRESHWATER']
Animalia,Rotifera,Eurotatoria,Bdelloidea,Habrotrochidae,Habrotrocha,Habrotrocha megalocephala,['FRESHWATER']
Animalia,Rotifera,Eurotatoria,Flosculariaceae,Trochosphaeridae,Filinia,Filinia longiseta,['FRESHWATER']
Animalia,Rotifera,Eurotatoria,Collothecacea,Collothecidae,Collotheca,Collotheca wiszniewskii,['FRESHWATER']
Animalia,Rotifera,Eurotatoria,Ploima,Lepadellidae,Lepadella,Lepadella apsicora,['FRESHWATER']
Animalia,Rotifera,Eurotatoria,Bdelloidea,Philodinidae,Macrotrachela,Macrotrachela lata,['FRESHWATER']
Animalia,Rotifera,Eurotatoria,Flosculariaceae,Hexarthridae,Hexarthra,Hexarthra polyodonta,['FRESHWATER']
Animalia,Rotifera,Eurotatoria,Ploima,Lepadellidae,Lepadella,Lepadella venefica,[]
Animalia,Rotifera,Eurotatoria,Flosculariaceae,Flosculariidae,Ptygura,Ptygura tihanyensis,['FRESHWATER']
Animalia,Rotifera,Eurotatoria,Bdelloidea,Philodinidae,Philodina,Philodina proterva,['FRESHWATER']
Animalia,Rotifera,Eurotatoria,Bdelloidea,Philodinidae,Macrotrachela,Macrotrachela pinnigera,['FRESHWATER']
Animalia,Rotifera,Eurotatoria,Bdelloidea,Philodinidae,Mniobia,Mniobia circinata,['FRESHWATER']
Animalia,Rotifera,Eurotatoria,Flosculariaceae,Testudinellidae,Testudinella,Testudinella patina,[]
Animalia,Rotifera,Eurotatoria,Ploima,Lepadellidae,Lepadella,Lepadella myersi,['FRESHWATER']
Animalia,Rotifera,Eurotatoria,Ploima,Lepadellidae,Paracolurella,Paracolurella logima,['FRESHWATER']
Animalia,Rotifera,Eurotatoria,Bdelloidea,Philodinidae,Rotaria,Rotaria tardigrada,['FRESHWATER']
Animalia,Rotifera,Eurotatoria,Bdelloidea,Habrotrochidae,Habrotrocha,Habrotrocha brocklehursti,['FRESHWATER']
Animalia,Rotifera,Eurotatoria,Bdelloidea,Philodinidae,Rotaria,Rotaria ovata,['FRESHWATER']
Animalia,Rotifera,Eurotatoria,Bdelloidea,Philodinidae,Mniobia,Mniobia vargai,['FRESHWATER']
Animalia,Rotifera,Eurotatoria,Bdelloidea,Habrotrochidae,Habrotrocha,Habrotrocha longicollis,['FRESHWATER']
Animalia,Rotifera,Eurotatoria,Flosculariaceae,Flosculariidae,Ptygura,Ptygura linguata,['FRESHWATER']
Animalia,Rotifera,Eurotatoria,Ploima,Gastropodidae,Ascomorpha,Ascomorpha klementi,['FRESHWATER']
Animalia,Rotifera,Eurotatoria,Bdelloidea,Philodinidae,Philodina,Philodina vorax,['FRESHWATER']
Animalia,Rotifera,Eurotatoria,Bdelloidea,Philodinidae,Mniobia,Mniobia animosa,['FRESHWATER']
Animalia,Rotifera,Eurotatoria,Flosculariaceae,Flosculariidae,Ptygura,Ptygura intermedia,['FRESHWATER']
Animalia,Rotifera,Eurotatoria,Bdelloidea,Philodinidae,Ceratotrocha,Ceratotrocha rodewaldi,['FRESHWATER']
Animalia,Rotifera,Eurotatoria,Bdelloidea,Philodinidae,Mniobia,Mniobia variabilis,['FRESHWATER']
Animalia,Rotifera,Eurotatoria,Bdelloidea,Philodinidae,Philodina,Philodina alata,['FRESHWATER']
Animalia,Rotifera,Eurotatoria,Bdelloidea,Philodinidae,Macrotrachela,Macrotrachela minuta,['FRESHWATER']
Animalia,Rotifera,Eurotatoria,Ploima,Dicranophoridae,Paradicranophorus,Paradicranophorus sinus,['FRESHWATER']
Animalia,Rotifera,Eurotatoria,Ploima,Lepadellidae,Lepadella,Lepadella acuminata,[]
Animalia,Rotifera,Eurotatoria,Bdelloidea,Philodinidae,Macrotrachela,Macrotrachela gracillima,['FRESHWATER']
Animalia,Rotifera,Eurotatoria,Bdelloidea,Philodinidae,Macrotrachela,Macrotrachela angusta,['FRESHWATER']
Animalia,Rotifera,Eurotatoria,Bdelloidea,Philodinidae,Mniobia,Mniobia loxocorona,['FRESHWATER']
Animalia,Rotifera,Eurotatoria,Bdelloidea,Philodinidae,Mniobia,Mniobia bdelloidea,['FRESHWATER']
Animalia,Rotifera,Eurotatoria,Ploima,Lepadellidae,Lepadella,Lepadella neboissi,['FRESHWATER']
Animalia,Rotifera,Eurotatoria,Flosculariaceae,Flosculariidae,Ptygura,Ptygura beauchampi,[]
Animalia,Rotifera,Eurotatoria,Bdelloidea,Philodinidae,Macrotrachela,Macrotrachela punctata,['FRESHWATER']
Animalia,Rotifera,Eurotatoria,Ploima,Lepadellidae,Lepadella,Lepadella zigzag,['FRESHWATER']
Animalia,Rotifera,Eurotatoria,Bdelloidea,Philodinidae,Macrotrachela,Macrotrachela inermis,['FRESHWATER']
Animalia,Rotifera,Eurotatoria,Ploima,Gastropodidae,Gastropus,Gastropus minor,[]
Animalia,Rotifera,Eurotatoria,Collothecacea,Collothecidae,Collotheca,Collotheca mutabilis,['FRESHWATER']
Animalia,Rotifera,Eurotatoria,Bdelloidea,Philodinidae,Philodina,Philodina quadrata,['FRESHWATER']
Animalia,Rotifera,Eurotatoria,Bdelloidea,Habrotrochidae,Scepanotrocha,Scepanotrocha haueri,['FRESHWATER']
Animalia,Rotifera,Eurotatoria,Bdelloidea,Philodinidae,Macrotrachela,Macrotrachela rostrata,['FRESHWATER']
Animalia,Rotifera,Eurotatoria,Ploima,Dicranophoridae,Albertia,Albertia vermiculus,['FRESHWATER']
Animalia,Rotifera,Eurotatoria,Bdelloidea,Philodinidae,Macrotrachela,Macrotrachela lepida,['FRESHWATER']
Animalia,Rotifera,Eurotatoria,Bdelloidea,Philodinidae,Rotaria,Rotaria magnacalcarata,['FRESHWATER']
Animalia,Rotifera,Eurotatoria,Bdelloidea,Philodinidae,Rotaria,Rotaria curtipes,['FRESHWATER']
Animalia,Rotifera,Eurotatoria,Collothecacea,Collothecidae,Collotheca,Collotheca coronetta,[]
Animalia,Rotifera,Eurotatoria,Bdelloidea,Habrotrochidae,Habrotrocha,Habrotrocha pusilla,['FRESHWATER']
Animalia,Rotifera,Eurotatoria,Bdelloidea,Adinetidae,Bradyscela,Bradyscela granulosa,['FRESHWATER']
Animalia,Rotifera,Eurotatoria,Ploima,Lepadellidae,Lepadella,Lepadella amphitropis,['FRESHWATER']
Animalia,Rotifera,Eurotatoria,Bdelloidea,Philodinidae,Macrotrachela,Macrotrachela magna,['FRESHWATER']
Animalia,Rotifera,Eurotatoria,Bdelloidea,Habrotrochidae,Habrotrocha,Habrotrocha longula,['FRESHWATER']
Animalia,Rotifera,Eurotatoria,Ploima,Lepadellidae,Lepadella,Lepadella venefica,[]
Animalia,Rotifera,Eurotatoria,Bdelloidea,Philodinidae,Macrotrachela,Macrotrachela ligulifera,['FRESHWATER']
Animalia,Rotifera,Eurotatoria,Flosculariaceae,Flosculariidae,Floscularia,Floscularia melicerta,['FRESHWATER']
Animalia,Rotifera,Eurotatoria,Ploima,Lepadellidae,Lepadella,Lepadella princisi,['FRESHWATER']
Animalia,Rotifera,Eurotatoria,Ploima,Dicranophoridae,Paradicranophorus,Paradicranophorus hudsoni,['FRESHWATER']
Animalia,Rotifera,Eurotatoria,Bdelloidea,Philodinidae,Rotaria,Rotaria quadrangularis,['FRESHWATER']
Animalia,Rotifera,Eurotatoria,Bdelloidea,Philodinidae,Macrotrachela,Macrotrachela nixa,['FRESHWATER']
Animalia,Rotifera,Eurotatoria,Bdelloidea,Philodinidae,Mniobia,Mniobia obtusicornis,['FRESHWATER']
Animalia,Rotifera,Eurotatoria,Ploima,Lepadellidae,Lepadella,Lepadella triptera,"['FRESHWATER', 'FRESHWATER']"
Animalia,Rotifera,Eurotatoria,Flosculariaceae,Flosculariidae,Ptygura,Ptygura pilula,[]
Animalia,Rotifera,Eurotatoria,Flosculariaceae,Testudinellidae,Testudinella,Testudinella patina,[]
Animalia,Rotifera,Eurotatoria,Ploima,Lepadellidae,Lepadella,Lepadella triptera,[]
Animalia,Rotifera,Eurotatoria,Bdelloidea,Philodinidae,Philodina,Philodina morigera,['FRESHWATER']
Animalia,Rotifera,Eurotatoria,Bdelloidea,Habrotrochidae,Scepanotrocha,Scepanotrocha semitecta,['FRESHWATER']
Animalia,Rotifera,Eurotatoria,Ploima,Dicranophoridae,Balatro,Balatro calvus,['FRESHWATER']
Animalia,Rotifera,Eurotatoria,Bdelloidea,Philodinavidae,Abrochtha,Abrochtha carnivora,['FRESHWATER']
Animalia,Rotifera,Eurotatoria,Bdelloidea,Habrotrochidae,Habrotrocha,Habrotrocha elliptica,['FRESHWATER']
Animalia,Rotifera,Eurotatoria,Ploima,Lepadellidae,Lepadella,Lepadella koniari,['FRESHWATER']
Animalia,Rotifera,Eurotatoria,Flosculariaceae,Testudinellidae,Testudinella,Testudinella truncata,[]
Animalia,Rotifera,Eurotatoria,Bdelloidea,Adinetidae,Adineta,Adineta gracilis,['FRESHWATER']
Animalia,Rotifera,Eurotatoria,Bdelloidea,Philodinidae,Philodina,Philodina flaviceps,['FRESHWATER']
Animalia,Rotifera,Eurotatoria,Ploima,Lepadellidae,Lepadella,Lepadella riedeli,['FRESHWATER']
Animalia,Rotifera,Eurotatoria,Ploima,Dicranophoridae,Albertia,Albertia typhlina,['FRESHWATER']
Animalia,Rotifera,Eurotatoria,Collothecacea,Atrochidae,Cupelopagis,Cupelopagis vorax,['FRESHWATER']
Animalia,Rotifera,Eurotatoria,Flosculariaceae,Flosculariidae,Ptygura,Ptygura pilula,['FRESHWATER']
Animalia,Rotifera,Eurotatoria,Bdelloidea,Philodinidae,Rotaria,Rotaria socialis,['FRESHWATER']
Animalia,Rotifera,Eurotatoria,Ploima,Lepadellidae,Lepadella,Lepadella ehrenbergii,[]
Animalia,Rotifera,Eurotatoria,Bdelloidea,Habrotrochidae,Habrotrocha,Habrotrocha insignis,[]
Animalia,Rotifera,Eurotatoria,Ploima,Lepadellidae,Paracolurella,Paracolurella aemula,['FRESHWATER']
Animalia,Rotifera,Eurotatoria,Bdelloidea,Habrotrochidae,Habrotrocha,Habrotrocha fuscochlaena,['FRESHWATER']
Animalia,Rotifera,Eurotatoria,Flosculariaceae,Flosculariidae,Ptygura,Ptygura stygis,[]
Animalia,Rotifera,Eurotatoria,Bdelloidea,Habrotrochidae,Habrotrocha,Habrotrocha nodulata,['FRESHWATER']
Animalia,Rotifera,Eurotatoria,Ploima,Gastropodidae,Gastropus,Gastropus stylifer,['FRESHWATER']
Animalia,Rotifera,Eurotatoria,Collothecacea,Collothecidae,Collotheca,Collotheca sessilis,['FRESHWATER']
Animalia,Rotifera,Eurotatoria,Ploima,Gastropodidae,Ascomorpha,Ascomorpha tundisii,['FRESHWATER']
Animalia,Rotifera,Eurotatoria,Bdelloidea,Philodinidae,Mniobia,Mniobia procera,['FRESHWATER']
Animalia,Rotifera,Eurotatoria,Ploima,Lepadellidae,Lepadella,Lepadella acuminata,['FRESHWATER']
Animalia,Rotifera,Eurotatoria,Bdelloidea,Adinetidae,Adineta,Adineta cuneata,['FRESHWATER']
Animalia,Rotifera,Eurotatoria,Flosculariaceae,Conochilidae,Conochilus,Conochilus dossuarius,['FRESHWATER']
Animalia,Rotifera,Eurotatoria,Bdelloidea,Philodinidae,Macrotrachela,Macrotrachela canadensis,['FRESHWATER']
Animalia,Rotifera,Eurotatoria,Bdelloidea,Philodinidae,Mniobia,Mniobia orta,['FRESHWATER']
Animalia,Rotifera,Eurotatoria,Collothecacea,Collothecidae,Collotheca,Collotheca coronetta,['FRESHWATER']
Animalia,Rotifera,Eurotatoria,Ploima,Lepadellidae,Lepadella,Lepadella patella,[]
Animalia,Rotifera,Eurotatoria,Flosculariaceae,Testudinellidae,Anchitestudinella,Anchitestudinella mekongensis,['FRESHWATER']
Animalia,Rotifera,Eurotatoria,Bdelloidea,Philodinidae,Macrotrachela,Macrotrachela faveolata,['FRESHWATER']
Animalia,Rotifera,Eurotatoria,Ploima,Lepadellidae,Lepadella,Lepadella borealis,['FRESHWATER']
Animalia,Rotifera,Eurotatoria,Ploima,Lepadellidae,Squatinella,Squatinella leydigii,['FRESHWATER']
Animalia,Rotifera,Eurotatoria,Bdelloidea,Habrotrochidae,Habrotrocha,Habrotrocha lata,['FRESHWATER']
Animalia,Rotifera,Eurotatoria,Bdelloidea,Philodinidae,Dissotrocha,Dissotrocha macrostyla,['FRESHWATER']
Animalia,Rotifera,Eurotatoria,Bdelloidea,Philodinidae,Macrotrachela,Macrotrachela aculeata,['FRESHWATER']
Animalia,Rotifera,Eurotatoria,Bdelloidea,Philodinidae,Mniobia,Mniobia setifera,['FRESHWATER']
Animalia,Rotifera,Eurotatoria,Bdelloidea,Habrotrochidae,Habrotrocha,Habrotrocha incola,['FRESHWATER']
Animalia,Rotifera,Eurotatoria,Bdelloidea,Philodinidae,Pleuretra,Pleuretra brycei,[]
Animalia,Rotifera,Eurotatoria,Bdelloidea,Philodinidae,Mniobia,Mniobia scabrosa,['FRESHWATER']
Animalia,Rotifera,Eurotatoria,Collothecacea,Collothecidae,Collotheca,Collotheca stephanochaeta,['FRESHWATER']
Animalia,Rotifera,Eurotatoria,Flosculariaceae,Hexarthridae,Hexarthra,Hexarthra oxyuris,[]
Animalia,Rotifera,Eurotatoria,Flosculariaceae,Hexarthridae,Hexarthra,Hexarthra reducens,['FRESHWATER']
Animalia,Rotifera,Eurotatoria,Bdelloidea,Philodinidae,Anomopus,Anomopus telphusae,['FRESHWATER']
Animalia,Rotifera,Eurotatoria,Flosculariaceae,Flosculariidae,Ptygura,Ptygura rotifer,['FRESHWATER']
Animalia,Rotifera,Eurotatoria,Flosculariaceae,Flosculariidae,Sinantherina,Sinantherina semibullata,[]
Animalia,Rotifera,Eurotatoria,Bdelloidea,Habrotrochidae,Habrotrocha,Habrotrocha rara,['FRESHWATER']
Animalia,Rotifera,Eurotatoria,Bdelloidea,Habrotrochidae,Scepanotrocha,Scepanotrocha delicata,['FRESHWATER']
Animalia,Rotifera,Eurotatoria,Ploima,Lepadellidae,Lepadella,Lepadella pumilo,['FRESHWATER']
Animalia,Rotifera,Eurotatoria,Ploima,Gastropodidae,Ascomorpha,Ascomorpha saltans,['FRESHWATER']
Animalia,Rotifera,Eurotatoria,Bdelloidea,Habrotrochidae,Habrotrocha,Habrotrocha aspera,['FRESHWATER']
Animalia,Rotifera,Eurotatoria,Bdelloidea,Philodinidae,Mniobia,Mniobia storkani,['FRESHWATER']
Animalia,Rotifera,Eurotatoria,Ploima,Lepadellidae,Lepadella,Lepadella cristata,[]
Animalia,Rotifera,Eurotatoria,Collothecacea,Collothecidae,Collotheca,Collotheca pelagica,[]
Animalia,Rotifera,Eurotatoria,Collothecacea,Collothecidae,Collotheca,Collotheca epizootica,['FRESHWATER']
Animalia,Rotifera,Eurotatoria,Flosculariaceae,Flosculariidae,Ptygura,Ptygura brachiata,['FRESHWATER']
Animalia,Rotifera,Eurotatoria,Bdelloidea,Philodinidae,Rotaria,Rotaria tardigrada,[]
Animalia,Rotifera,Eurotatoria,Bdelloidea,Philodinidae,Philodina,Philodina foissneri,['FRESHWATER']
Animalia,Rotifera,Eurotatoria,Ploima,Lepadellidae,Lepadella,Lepadella latusinus,['FRESHWATER']
Animalia,Rotifera,Eurotatoria,Ploima,Lepadellidae,Lepadella,Lepadella apsida,['FRESHWATER']
Animalia,Rotifera,Eurotatoria,Collothecacea,Collothecidae,Collotheca,Collotheca riverai,['FRESHWATER']
Animalia,Rotifera,Eurotatoria,Flosculariaceae,Flosculariidae,Ptygura,Ptygura barbata,['FRESHWATER']
Animalia,Rotifera,Eurotatoria,Bdelloidea,Philodinidae,Macrotrachela,Macrotrachela bilfingeri,['FRESHWATER']
Animalia,Rotifera,Eurotatoria,Bdelloidea,Habrotrochidae,Otostephanos,Otostephanos macrantennus,['FRESHWATER']
Animalia,Rotifera,Eurotatoria,Flosculariaceae,Flosculariidae,Ptygura,Ptygura stephanion,['FRESHWATER']
Animalia,Rotifera,Eurotatoria,Flosculariaceae,Flosculariidae,Beauchampia,Beauchampia crucigera,[]
Animalia,Rotifera,Eurotatoria,Ploima,Lepadellidae,Lepadella,Lepadella patella,[]
Animalia,Rotifera,Eurotatoria,Bdelloidea,Habrotrochidae,Habrotrocha,Habrotrocha spicula,[]
Animalia,Rotifera,Eurotatoria,Bdelloidea,Philodinidae,Mniobia,Mniobia modesta,['FRESHWATER']
Animalia,Rotifera,Eurotatoria,Collothecacea,Collothecidae,Collotheca,Collotheca vargai,['FRESHWATER']
Animalia,Rotifera,Eurotatoria,Ploima,Lepadellidae,Lepadella,Lepadella abbei,['FRESHWATER']
Animalia,Rotifera,Eurotatoria,Bdelloidea,Habrotrochidae,Habrotrocha,Habrotrocha bulbosa,['FRESHWATER']
Animalia,Rotifera,Eurotatoria,Flosculariaceae,Trochosphaeridae,Filinia,Filinia terminalis,['FRESHWATER']
Animalia,Rotifera,Eurotatoria,Ploima,Gastropodidae,Gastropus,Gastropus stylifer,[]
Animalia,Rotifera,Eurotatoria,Bdelloidea,Philodinidae,Philodina,Philodina australis,['FRESHWATER']
Animalia,Rotifera,Eurotatoria,Bdelloidea,Adinetidae,Adineta,Adineta bartosi,['FRESHWATER']
Animalia,Rotifera,Eurotatoria,Bdelloidea,Philodinidae,Macrotrachela,Macrotrachela concinna,['FRESHWATER']
Animalia,Rotifera,Eurotatoria,Bdelloidea,Philodinidae,Macrotrachela,Macrotrachela tuberilabris,['FRESHWATER']
Animalia,Rotifera,Eurotatoria,Ploima,Lepadellidae,Lepadella,Lepadella pseudoacuminata,['FRESHWATER']
Animalia,Rotifera,Eurotatoria,Bdelloidea,Philodinidae,Macrotrachela,Macrotrachela asperula,['FRESHWATER']
Animalia,Rotifera,Eurotatoria,Ploima,Lepadellidae,Lepadella,Lepadella pterygoida,['FRESHWATER']
Animalia,Rotifera,Eurotatoria,Collothecacea,Collothecidae,Collotheca,Collotheca paradoxa,['FRESHWATER']
Animalia,Rotifera,Eurotatoria,Bdelloidea,Philodinidae,Macrotrachela,Macrotrachela plicatula,['FRESHWATER']
Animalia,Rotifera,Eurotatoria,Bdelloidea,Habrotrochidae,Habrotrocha,Habrotrocha thermalis,['FRESHWATER']
Animalia,Rotifera,Eurotatoria,Bdelloidea,Habrotrochidae,Habrotrocha,Habrotrocha scepanotrochoides,['FRESHWATER']
Animalia,Rotifera,Eurotatoria,Flosculariaceae,Conochilidae,Conochilus,Conochilus deltaicus,['FRESHWATER']
Animalia,Rotifera,Eurotatoria,Flosculariaceae,Flosculariidae,Floscularia,Floscularia ringens,[]
Animalia,Rotifera,Eurotatoria,Flosculariaceae,Hexarthridae,Hexarthra,Hexarthra jenkinae,['FRESHWATER']
Animalia,Rotifera,Eurotatoria,Bdelloidea,Habrotrochidae,Habrotrocha,Habrotrocha caudata,['FRESHWATER']
Animalia,Rotifera,Eurotatoria,Bdelloidea,Philodinidae,Pleuretra,Pleuretra sulcata,['FRESHWATER']
Animalia,Rotifera,Eurotatoria,Ploima,Lepadellidae,Lepadella,Lepadella haueri,['FRESHWATER']
Animalia,Rotifera,Eurotatoria,Ploima,Lepadellidae,Lepadella,Lepadella tenella,['FRESHWATER']
Animalia,Rotifera,Eurotatoria,Bdelloidea,Philodinidae,Pleuretra,Pleuretra humerosa,['FRESHWATER']
Animalia,Rotifera,Eurotatoria,Bdelloidea,Philodinidae,Rotaria,Rotaria neptunoida,['FRESHWATER']
Animalia,Rotifera,Eurotatoria,Bdelloidea,Philodinidae,Macrotrachela,Macrotrachela brachysoma,['FRESHWATER']
Animalia,Rotifera,Eurotatoria,Bdelloidea,Philodinidae,Embata,Embata laticeps,['FRESHWATER']
Animalia,Rotifera,Eurotatoria,Bdelloidea,Habrotrochidae,Habrotrocha,Habrotrocha minima,['FRESHWATER']
Animalia,Rotifera,Eurotatoria,Flosculariaceae,Hexarthridae,Hexarthra,Hexarthra intermedia,['FRESHWATER']
Animalia,Rotifera,Eurotatoria,Ploima,Lepadellidae,Lepadella,Lepadella tana,['FRESHWATER']
Animalia,Rotifera,Eurotatoria,Collothecacea,Collothecidae,Collotheca,Collotheca quadrinodosa,[]
Animalia,Rotifera,Eurotatoria,Ploima,Gastropodidae,Ascomorpha,Ascomorpha ovalis,[]
Animalia,Rotifera,Eurotatoria,Bdelloidea,Philodinidae,Macrotrachela,Macrotrachela formosa,['FRESHWATER']
Animalia,Rotifera,Eurotatoria,Ploima,Lepadellidae,Lepadella,Lepadella parvula,['FRESHWATER']
Animalia,Rotifera,Eurotatoria,Bdelloidea,Habrotrochidae,Habrotrocha,Habrotrocha soror,['FRESHWATER']
Animalia,Rotifera,Eurotatoria,Collothecacea,Collothecidae,Collotheca,Collotheca cucullata,['FRESHWATER']
Animalia,Rotifera,Eurotatoria,Bdelloidea,Philodinidae,Macrotrachela,Macrotrachela extensa,['FRESHWATER']
Animalia,Rotifera,Eurotatoria,Ploima,Gastropodidae,Ascomorpha,Ascomorpha ecaudis,[]
Animalia,Rotifera,Eurotatoria,Ploima,Lepadellidae,Lepadella,Lepadella paparoa,['FRESHWATER']
Animalia,Rotifera,Eurotatoria,Bdelloidea,Habrotrochidae,Habrotrocha,Habrotrocha heinisi,['FRESHWATER']
Animalia,Rotifera,Eurotatoria,Bdelloidea,Habrotrochidae,Habrotrocha,Habrotrocha perforata,['FRESHWATER']
Animalia,Rotifera,Eurotatoria,Ploima,Gastropodidae,Gastropus,Gastropus minor,[]
Animalia,Rotifera,Eurotatoria,Bdelloidea,Philodinidae,Philodina,Philodina megalotrocha,['FRESHWATER']
Animalia,Rotifera,Eurotatoria,Flosculariaceae,Conochilidae,Conochilus,Conochilus natans,['FRESHWATER']
Animalia,Rotifera,Eurotatoria,Bdelloidea,Philodinavidae,Henoceros,Henoceros falcatus,['FRESHWATER']
Animalia,Rotifera,Eurotatoria,Flosculariaceae,Conochilidae,Conochilus,Conochilus coenobasis,['FRESHWATER']
Animalia,Rotifera,Eurotatoria,Ploima,Lepadellidae,Lepadella,Lepadella mataca,['FRESHWATER']
Animalia,Rotifera,Eurotatoria,Flosculariaceae,Hexarthridae,Hexarthra,Hexarthra mira,['FRESHWATER']
Animalia,Rotifera,Eurotatoria,Ploima,Lepadellidae,Colurella,Colurella adriatica,[]
Animalia,Rotifera,Eurotatoria,Collothecacea,Collothecidae,Collotheca,Collotheca tenuilobata,[]
Animalia,Rotifera,Eurotatoria,Bdelloidea,Philodinidae,Macrotrachela,Macrotrachela brevilabris,['FRESHWATER']
Animalia,Rotifera,Eurotatoria,Bdelloidea,Habrotrochidae,Habrotrocha,Habrotrocha vicina,['FRESHWATER']
Animalia,Rotifera,Eurotatoria,Bdelloidea,Philodinidae,Philodina,Philodina roseola,[]
Animalia,Rotifera,Eurotatoria,Ploima,Dicranophoridae,Albertia,Albertia naidis,[]
Animalia,Rotifera,Eurotatoria,Bdelloidea,Philodinidae,Philodina,Philodina inopinata,['FRESHWATER']
Animalia,Rotifera,Eurotatoria,Ploima,Lepadellidae,Lepadella,Lepadella mica,['FRESHWATER']
Animalia,Rotifera,Eurotatoria,Bdelloidea,Habrotrochidae,Habrotrocha,Habrotrocha parvipes,['FRESHWATER']
Animalia,Rotifera,Eurotatoria,Bdelloidea,Adinetidae,Adineta,Adineta barbata,['FRESHWATER']
Animalia,Rotifera,Eurotatoria,Bdelloidea,Habrotrochidae,Habrotrocha,Habrotrocha diarthrantenna,['FRESHWATER']
Animalia,Rotifera,Eurotatoria,Ploima,Lepadellidae,Squatinella,Squatinella geleii,['FRESHWATER']
Animalia,Rotifera,Eurotatoria,Bdelloidea,Philodinidae,Philodina,Philodina praelonga,['FRESHWATER']
Animalia,Rotifera,Eurotatoria,Ploima,Lepadellidae,Lepadella,Lepadella desmeti,['FRESHWATER']
Animalia,Rotifera,Eurotatoria,Ploima,Lepadellidae,Lepadella,Lepadella bicornis,['FRESHWATER']
Animalia,Rotifera,Eurotatoria,Bdelloidea,Philodinidae,Ceratotrocha,Ceratotrocha franzi,['FRESHWATER']
Animalia,Rotifera,Eurotatoria,Collothecacea,Collothecidae,Collotheca,Collotheca trilobata,['FRESHWATER']
Animalia,Rotifera,Eurotatoria,Bdelloidea,Philodinidae,Philodina,Philodina convergens,['FRESHWATER']
Animalia,Rotifera,Eurotatoria,Bdelloidea,Philodinidae,Dissotrocha,Dissotrocha scutellata,['FRESHWATER']
Animalia,Rotifera,Eurotatoria,Bdelloidea,Habrotrochidae,Habrotrocha,Habrotrocha longiceps,['FRESHWATER']
Animalia,Rotifera,Eurotatoria,Bdelloidea,Philodinidae,Dissotrocha,Dissotrocha pectinata,['FRESHWATER']
Animalia,Rotifera,Eurotatoria,Ploima,Gastropodidae,Ascomorpha,Ascomorpha minima,['FRESHWATER']
Animalia,Rotifera,Eurotatoria,Bdelloidea,Philodinidae,Macrotrachela,Macrotrachela crucicornis,['FRESHWATER']
Animalia,Rotifera,Eurotatoria,Ploima,Lepadellidae,Lepadella,Lepadella monodi,['FRESHWATER']
Animalia,Rotifera,Eurotatoria,Ploima,Lepadellidae,Lepadella,Lepadella beyensi,['FRESHWATER']
Animalia,Rotifera,Eurotatoria,Bdelloidea,Habrotrochidae,Habrotrocha,Habrotrocha tranquilla,['FRESHWATER']
Animalia,Rotifera,Eurotatoria,Bdelloidea,Philodinidae,Mniobia,Mniobia burgeri,[]
Animalia,Rotifera,Eurotatoria,Ploima,Gastropodidae,Ascomorpha,Ascomorpha ecaudis,['FRESHWATER']
Animalia,Rotifera,Eurotatoria,Flosculariaceae,Flosculariidae,Sinantherina,Sinantherina procera,['FRESHWATER']
Animalia,Rotifera,Eurotatoria,Bdelloidea,Philodinidae,Pseudoembata,Pseudoembata acutipoda,['FRESHWATER']
Animalia,Rotifera,Eurotatoria,Bdelloidea,Philodinidae,Mniobia,Mniobia tetraodon,['FRESHWATER']
Animalia,Rotifera,Eurotatoria,Ploima,Lepadellidae,Lepadella,Lepadella ovalis,[]
Animalia,Rotifera,Eurotatoria,Ploima,Lepadellidae,Lepadella,Lepadella triptera,[]
Animalia,Rotifera,Eurotatoria,Bdelloidea,Habrotrochidae,Scepanotrocha,Scepanotrocha setifera,['FRESHWATER']
Animalia,Rotifera,Eurotatoria,Ploima,Lepadellidae,Lepadella,Lepadella serrata,['FRESHWATER']
Animalia,Rotifera,Eurotatoria,Bdelloidea,Philodinidae,Macrotrachela,Macrotrachela habita,[]
Animalia,Rotifera,Eurotatoria,Flosculariaceae,Flosculariidae,Ptygura,Ptygura spongicola,['FRESHWATER']
Animalia,Rotifera,Eurotatoria,Bdelloidea,Philodinidae,Mniobia,Mniobia edmondsoni,['FRESHWATER']
Animalia,Rotifera,Eurotatoria,Bdelloidea,Philodinidae,Rotaria,Rotaria mento,['FRESHWATER']
Animalia,Rotifera,Eurotatoria,Bdelloidea,Philodinidae,Philodina,Philodina jeanneli,['FRESHWATER']
Animalia,Rotifera,Eurotatoria,Bdelloidea,Adinetidae,Adineta,Adineta longicornis,['FRESHWATER']
Animalia,Rotifera,Eurotatoria,Bdelloidea,Habrotrochidae,Otostephanos,Otostephanos monteti,['FRESHWATER']
Animalia,Rotifera,Eurotatoria,Flosculariaceae,Flosculariidae,Ptygura,Ptygura libera,['FRESHWATER']
Animalia,Rotifera,Eurotatoria,Ploima,Dicranophoridae,Albertia,Albertia ovagranulata,['FRESHWATER']
Animalia,Rotifera,Eurotatoria,Bdelloidea,Habrotrochidae,Habrotrocha,Habrotrocha lamellata,['FRESHWATER']
Animalia,Rotifera,Eurotatoria,Flosculariaceae,Trochosphaeridae,Filinia,Filinia opoliensis,['FRESHWATER']
Animalia,Rotifera,Eurotatoria,Bdelloidea,Philodinidae,Macrotrachela,Macrotrachela decora,['FRESHWATER']
Animalia,Rotifera,Eurotatoria,Bdelloidea,Philodinidae,Macrotrachela,Macrotrachela bullata,['FRESHWATER']
Animalia,Rotifera,Eurotatoria,Bdelloidea,Philodinidae,Macrotrachela,Macrotrachela hewitti,['FRESHWATER']
Animalia,Rotifera,Eurotatoria,Bdelloidea,Philodinidae,Philodina,Philodina citrina,['FRESHWATER']
Animalia,Rotifera,Eurotatoria,Bdelloidea,Philodinidae,Mniobia,Mniobia symbiotica,['FRESHWATER']
Animalia,Rotifera,Eurotatoria,Ploima,Lepadellidae,Colurella,Colurella colurus,[]
Animalia,Rotifera,Eurotatoria,Bdelloidea,Philodinidae,Pleuretra,Pleuretra triangularis,['FRESHWATER']
Animalia,Rotifera,Eurotatoria,Bdelloidea,Habrotrochidae,Habrotrocha,Habrotrocha amphichlaena,['FRESHWATER']
Animalia,Rotifera,Eurotatoria,Ploima,Gastropodidae,Gastropus,Gastropus minor,['FRESHWATER']
Animalia,Rotifera,Eurotatoria,Bdelloidea,Habrotrochidae,Habrotrocha,Habrotrocha recumbens,['FRESHWATER']
Animalia,Rotifera,Eurotatoria,Flosculariaceae,Hexarthridae,Hexarthra,Hexarthra mollis,['FRESHWATER']
Animalia,Rotifera,Eurotatoria,Ploima,Lepadellidae,Lepadella,Lepadella minuscula,['FRESHWATER']
Animalia,Rotifera,Eurotatoria,Bdelloidea,Philodinidae,Rotaria,Rotaria spicata,['FRESHWATER']
Animalia,Rotifera,Eurotatoria,Collothecacea,Collothecidae,Collotheca,Collotheca pelagica,[]
Animalia,Rotifera,Eurotatoria,Ploima,Dicranophoridae,Paradicranophorus,Paradicranophorus sordidus,['FRESHWATER']
Animalia,Rotifera,Eurotatoria,Flosculariaceae,Trochosphaeridae,Trochosphaera,Trochosphaera aequatorialis,['FRESHWATER']
Animalia,Rotifera,Eurotatoria,Bdelloidea,Philodinidae,Macrotrachela,Macrotrachela verecunda,['FRESHWATER']
Animalia,Rotifera,Eurotatoria,Collothecacea,Collothecidae,Collotheca,Collotheca undulata,['FRESHWATER']
Animalia,Rotifera,Eurotatoria,Bdelloidea,Habrotrochidae,Otostephanos,Otostephanos mundiformis,['FRESHWATER']
Animalia,Rotifera,Eurotatoria,Bdelloidea,Adinetidae,Adineta,Adineta steineri,['FRESHWATER']
Animalia,Rotifera,Eurotatoria,Bdelloidea,Habrotrochidae,Scepanotrocha,Scepanotrocha parva,['FRESHWATER']
Animalia,Rotifera,Eurotatoria,Bdelloidea,Adinetidae,Adineta,Adineta oculata,[]
Animalia,Rotifera,Eurotatoria,Bdelloidea,Philodinidae,Dissotrocha,Dissotrocha guyanensis,['FRESHWATER']
Animalia,Rotifera,Eurotatoria,Ploima,Lepadellidae,Lepadella,Lepadella intermedia,['FRESHWATER']
Animalia,Rotifera,Eurotatoria,Bdelloidea,Habrotrochidae,Otostephanos,Otostephanos auriculatus,['FRESHWATER']
Animalia,Rotifera,Eurotatoria,Ploima,Lepadellidae,Lepadella,Lepadella patella,[]
Animalia,Rotifera,Eurotatoria,Bdelloidea,Adinetidae,Adineta,Adineta vaga,['FRESHWATER']
Animalia,Rotifera,Eurotatoria,Flosculariaceae,Conochilidae,Conochilus,Conochilus unicornis,['FRESHWATER']
Animalia,Rotifera,Eurotatoria,Ploima,Lepadellidae,Lepadella,Lepadella venefica,['FRESHWATER']
Animalia,Rotifera,Eurotatoria,Bdelloidea,Philodinidae,Macrotrachela,Macrotrachela ornata,['FRESHWATER']
Animalia,Rotifera,Eurotatoria,Flosculariaceae,Hexarthridae,Hexarthra,Hexarthra oxyuris,['FRESHWATER']
Animalia,Rotifera,Eurotatoria,Ploima,Lepadellidae,Lepadella,Lepadella adjuncta,['FRESHWATER']
Animalia,Rotifera,Eurotatoria,Bdelloidea,Habrotrochidae,Habrotrocha,Habrotrocha angusticollis,['FRESHWATER']
Animalia,Rotifera,Eurotatoria,Ploima,Gastropodidae,Gastropus,Gastropus hyptopus,['FRESHWATER']
Animalia,Rotifera,Eurotatoria,Ploima,Dicranophoridae,Albertia,Albertia woronkowi,['FRESHWATER']
Animalia,Rotifera,Eurotatoria,Bdelloidea,Adinetidae,Adineta,Adineta oculata,['FRESHWATER']
Animalia,Rotifera,Eurotatoria,Bdelloidea,Philodinidae,Dissotrocha,Dissotrocha aculeata,['FRESHWATER']
Animalia,Rotifera,Eurotatoria,Ploima,Lepadellidae,Lepadella,Lepadella cristata,[]
Animalia,Rotifera,Eurotatoria,Collothecacea,Collothecidae,Collotheca,Collotheca lettevalli,['FRESHWATER']
Animalia,Rotifera,Eurotatoria,Bdelloidea,Philodinidae,Mniobia,Mniobia conarus,['FRESHWATER']
Animalia,Rotifera,Eurotatoria,Flosculariaceae,Flosculariidae,Floscularia,Floscularia janus,['FRESHWATER']
Animalia,Rotifera,Eurotatoria,Ploima,Lepadellidae,Lepadella,Lepadella cornuta,['FRESHWATER']
Animalia,Rotifera,Eurotatoria,Ploima,Lepadellidae,Lepadella,Lepadella vandenbrandei,[]
Animalia,Rotifera,Eurotatoria,Ploima,Dicranophoridae,Glaciera,Glaciera schabetsbergeri,['FRESHWATER']
Animalia,Rotifera,Eurotatoria,Flosculariaceae,Testudinellidae,Pompholyx,Pompholyx triloba,['FRESHWATER']
Animalia,Rotifera,Eurotatoria,Flosculariaceae,Flosculariidae,Pentatrocha,Pentatrocha gigantea,['FRESHWATER']
Animalia,Rotifera,Eurotatoria,Ploima,Dicranophoridae,Paradicranophorus,Paradicranophorus hudsoni,[]
Animalia,Rotifera,Eurotatoria,Bdelloidea,Philodinidae,Macrotrachela,Macrotrachela sonorensis,['FRESHWATER']
Animalia,Rotifera,Eurotatoria,Flosculariaceae,Flosculariidae,Octotrocha,Octotrocha speciosa,['FRESHWATER']
Animalia,Rotifera,Eurotatoria,Bdelloidea,Philodinidae,Macrotrachela,Macrotrachela allani,['FRESHWATER']
Animalia,Rotifera,Eurotatoria,Bdelloidea,Philodinavidae,Henoceros,Henoceros caudatus,['FRESHWATER']
Animalia,Rotifera,Eurotatoria,Ploima,Dicranophoridae,Parencentrum,Parencentrum plicatum,[]
Animalia,Rotifera,Eurotatoria,Bdelloidea,Philodinidae,Mniobia,Mniobia donneri,['FRESHWATER']
Animalia,Rotifera,Eurotatoria,Flosculariaceae,Flosculariidae,Ptygura,Ptygura mucicola,['FRESHWATER']
Animalia,Rotifera,Eurotatoria,Ploima,Lepadellidae,Lepadella,Lepadella minuta,['FRESHWATER']
Animalia,Rotifera,Eurotatoria,Ploima,Lepadellidae,Lepadella,Lepadella bidentata,['FRESHWATER']
Animalia,Rotifera,Eurotatoria,Flosculariaceae,Conochilidae,Conochilus,Conochilus unicornis,[]
Animalia,Rotifera,Eurotatoria,Ploima,Gastropodidae,Gastropus,Gastropus minor,[]
Animalia,Rotifera,Eurotatoria,Bdelloidea,Habrotrochidae,Habrotrocha,Habrotrocha rosa,['FRESHWATER']
Animalia,Rotifera,Eurotatoria,Bdelloidea,Habrotrochidae,Habrotrocha,Habrotrocha alacris,['FRESHWATER']
Animalia,Rotifera,Eurotatoria,Bdelloidea,Philodinidae,Ceratotrocha,Ceratotrocha cornigera,['FRESHWATER']
Animalia,Rotifera,Eurotatoria,Bdelloidea,Philodinidae,Macrotrachela,Macrotrachela latior,['FRESHWATER']
Animalia,Rotifera,Eurotatoria,Flosculariaceae,Flosculariidae,Ptygura,Ptygura melicerta,[]
Animalia,Rotifera,Eurotatoria,Bdelloidea,Habrotrochidae,Habrotrocha,Habrotrocha insignis,['FRESHWATER']
Animalia,Rotifera,Eurotatoria,Bdelloidea,Habrotrochidae,Otostephanos,Otostephanos donneri,['FRESHWATER']
Animalia,Rotifera,Eurotatoria,Ploima,Lepadellidae,Lepadella,Lepadella quadricarinata,['FRESHWATER']
Animalia,Rotifera,Eurotatoria,Ploima,Dicranophoridae,Erignatha,Erignatha clastopis,['FRESHWATER']
Animalia,Rotifera,Eurotatoria,Bdelloidea,Habrotrochidae,Habrotrocha,Habrotrocha murrayi,['FRESHWATER']
Animalia,Rotifera,Eurotatoria,Bdelloidea,Habrotrochidae,Habrotrocha,Habrotrocha ampulla,['FRESHWATER']
Animalia,Rotifera,Eurotatoria,Flosculariaceae,Flosculariidae,Sinantherina,Sinantherina socialis,['FRESHWATER']
Animalia,Rotifera,Eurotatoria,Bdelloidea,Habrotrochidae,Habrotrocha,Habrotrocha appendiculata,['FRESHWATER']
Animalia,Rotifera,Eurotatoria,Collothecacea,Collothecidae,Collotheca,Collotheca bulbosa,['FRESHWATER']
Animalia,Rotifera,Eurotatoria,Collothecacea,Collothecidae,Collotheca,Collotheca quadrilobata,['FRESHWATER']
Animalia,Rotifera,Eurotatoria,Flosculariaceae,Flosculariidae,Sinantherina,Sinantherina spinosa,['FRESHWATER']
Animalia,Rotifera,Eurotatoria,Bdelloidea,Philodinidae,Rotaria,Rotaria sordida,['FRESHWATER']
Animalia,Rotifera,Eurotatoria,Bdelloidea,Philodinidae,Macrotrachela,Macrotrachela petulans,['FRESHWATER']
Animalia,Rotifera,Eurotatoria,Collothecacea,Collothecidae,Collotheca,Collotheca bilfingeri,['FRESHWATER']
Animalia,Rotifera,Eurotatoria,Bdelloidea,Philodinidae,Macrotrachela,Macrotrachela habita,[]
Animalia,Rotifera,Eurotatoria,Bdelloidea,Habrotrochidae,Habrotrocha,Habrotrocha mediocris,['FRESHWATER']
Animalia,Rotifera,Eurotatoria,Bdelloidea,Philodinidae,Philodina,Philodina indica,['FRESHWATER']
Animalia,Rotifera,Eurotatoria,Ploima,Lepadellidae,Lepadella,Lepadella minorui,['FRESHWATER']
Animalia,Rotifera,Eurotatoria,Bdelloidea,Habrotrochidae,Otostephanos,Otostephanos jersabeki,['FRESHWATER']
Animalia,Rotifera,Eurotatoria,Bdelloidea,Habrotrochidae,Habrotrocha,Habrotrocha serpens,[]
Animalia,Rotifera,Eurotatoria,Ploima,Lepadellidae,Lepadella,Lepadella patella,[]
Animalia,Rotifera,Eurotatoria,Bdelloidea,Habrotrochidae,Habrotrocha,Habrotrocha levis,['FRESHWATER']
Animalia,Rotifera,Eurotatoria,Bdelloidea,Philodinidae,Philodina,Philodina patula,['FRESHWATER']
Animalia,Rotifera,Eurotatoria,Bdelloidea,Philodinidae,Pleuretra,Pleuretra intermedia,['FRESHWATER']
Animalia,Rotifera,Eurotatoria,Bdelloidea,Philodinidae,Dissotrocha,Dissotrocha macrostyla,[]
Animalia,Rotifera,Eurotatoria,Ploima,Lepadellidae,Lepadella,Lepadella astacicola,['FRESHWATER']
Animalia,Rotifera,Eurotatoria,Ploima,Lepadellidae,Squatinella,Squatinella rostrum,['FRESHWATER']
Animalia,Rotifera,Eurotatoria,Bdelloidea,Adinetidae,Adineta,Adineta glauca,['FRESHWATER']
Animalia,Rotifera,Eurotatoria,Bdelloidea,Habrotrochidae,Habrotrocha,Habrotrocha gracilis,['FRESHWATER']
Animalia,Rotifera,Eurotatoria,Bdelloidea,Habrotrochidae,Habrotrocha,Habrotrocha visa,['FRESHWATER']
Animalia,Rotifera,Eurotatoria,Bdelloidea,Philodinidae,Mniobia,Mniobia tarda,['FRESHWATER']
Animalia,Rotifera,Eurotatoria,Bdelloidea,Philodinidae,Philodina,Philodina plena,['FRESHWATER']
Animalia,Rotifera,Eurotatoria,Bdelloidea,Philodinidae,Mniobia,Mniobia obtusicalcar,['FRESHWATER']
Animalia,Rotifera,Eurotatoria,Ploima,Lepadellidae,Lepadella,Lepadella whitfordi,['FRESHWATER']
Animalia,Rotifera,Eurotatoria,Bdelloidea,Philodinidae,Mniobia,Mniobia armata,['FRESHWATER']
Animalia,Rotifera,Eurotatoria,Ploima,Lepadellidae,Lepadella,Lepadella pontica,['FRESHWATER']
Animalia,Rotifera,Eurotatoria,Bdelloidea,Habrotrochidae,Habrotrocha,Habrotrocha elegans,[]
Animalia,Rotifera,Eurotatoria,Bdelloidea,Philodinidae,Macrotrachela,Macrotrachela intermedia,['FRESHWATER']
Animalia,Rotifera,Eurotatoria,Flosculariaceae,Trochosphaeridae,Filinia,Filinia saltator,['FRESHWATER']
Animalia,Rotifera,Eurotatoria,Bdelloidea,Habrotrochidae,Habrotrocha,Habrotrocha thienemanni,['FRESHWATER']
Animalia,Rotifera,Eurotatoria,Bdelloidea,Philodinidae,Macrotrachela,Macrotrachela timida,['FRESHWATER']
Animalia,Rotifera,Eurotatoria,Ploima,Dicranophoridae,Albertia,Albertia naidis,['FRESHWATER']
Animalia,Rotifera,Eurotatoria,Bdelloidea,Habrotrochidae,Habrotrocha,Habrotrocha eremita,['FRESHWATER']
Animalia,Rotifera,Eurotatoria,Ploima,Lepadellidae,Lepadella,Lepadella pyriformis,['FRESHWATER']
Animalia,Rotifera,Eurotatoria,Ploima,Lepadellidae,Lepadella,Lepadella berzinsi,['FRESHWATER']
Animalia,Rotifera,Eurotatoria,Flosculariaceae,Flosculariidae,Sinantherina,Sinantherina socialis,[]
Animalia,Rotifera,Eurotatoria,Bdelloidea,Philodinidae,Macrotrachela,Macrotrachela murrayi,['FRESHWATER']
Animalia,Rotifera,Eurotatoria,Bdelloidea,Philodinidae,Macrotrachela,Macrotrachela insolita,['FRESHWATER']
Animalia,Rotifera,Eurotatoria,Bdelloidea,Habrotrochidae,Habrotrocha,Habrotrocha calosa,['FRESHWATER']
Animalia,Rotifera,Eurotatoria,Bdelloidea,Philodinidae,Philodina,Philodina cristata,['FRESHWATER']
Animalia,Rotifera,Eurotatoria,Flosculariaceae,Flosculariidae,Limnias,Limnias ceratophylli,[]
Animalia,Rotifera,Eurotatoria,Ploima,Lepadellidae,Lepadella,Lepadella elliptica,['FRESHWATER']
Animalia,Rotifera,Eurotatoria,Ploima,Dicranophoridae,Erignatha,Erignatha tenuidens,['FRESHWATER']
Animalia,Rotifera,Eurotatoria,Bdelloidea,Philodinidae,Rotaria,Rotaria quadrioculata,['FRESHWATER']
Animalia,Rotifera,Eurotatoria,Ploima,Dicranophoridae,Albertia,Albertia naidis,[]
Animalia,Rotifera,Eurotatoria,Bdelloidea,Philodinidae,Rotaria,Rotaria rotatoria,['FRESHWATER']
Animalia,Rotifera,Eurotatoria,Bdelloidea,Habrotrochidae,Habrotrocha,Habrotrocha maculata,['FRESHWATER']
Animalia,Rotifera,Eurotatoria,Collothecacea,Collothecidae,Collotheca,Collotheca torquilobata,['FRESHWATER']
Animalia,Rotifera,Eurotatoria,Ploima,Lepadellidae,Lepadella,Lepadella triptera,[]
Animalia,Rotifera,Eurotatoria,Bdelloidea,Philodinidae,Macrotrachela,Macrotrachela gunningi,['FRESHWATER']
Animalia,Rotifera,Eurotatoria,Ploima,Lepadellidae,Lepadella,Lepadella cryphaea,['FRESHWATER']
Animalia,Rotifera,Eurotatoria,Bdelloidea,Philodinidae,Rotaria,Rotaria tardigrada,[]
Animalia,Rotifera,Eurotatoria,Bdelloidea,Philodinidae,Philodina,Philodina roseola,['FRESHWATER']
Animalia,Rotifera,Eurotatoria,Bdelloidea,Philodinidae,Philodina,Philodina arndti,['FRESHWATER']
Animalia,Rotifera,Eurotatoria,Bdelloidea,Habrotrochidae,Habrotrocha,Habrotrocha serpens,['FRESHWATER']
Animalia,Rotifera,Eurotatoria,Ploima,Lepadellidae,Squatinella,Squatinella lamellaris,[]
Animalia,Rotifera,Eurotatoria,Flosculariaceae,Flosculariidae,Floscularia,Floscularia conifera,['FRESHWATER']
Animalia,Rotifera,Eurotatoria,Collothecacea,Collothecidae,Collotheca,Collotheca thunmarki,['FRESHWATER']
Animalia,Rotifera,Eurotatoria,Ploima,Lepadellidae,Lepadella,Lepadella imbricata,['FRESHWATER']
Animalia,Rotifera,Eurotatoria,Bdelloidea,Philodinidae,Mniobia,Mniobia recurvicornis,['FRESHWATER']
Animalia,Rotifera,Eurotatoria,Ploima,Dicranophoridae,Albertia,Albertia reicheltae,['FRESHWATER']
Animalia,Rotifera,Eurotatoria,Ploima,Lepadellidae,Lepadella,Lepadella strepta,['FRESHWATER']
Animalia,Rotifera,Eurotatoria,Ploima,Lepadellidae,Lepadella,Lepadella dactyliseta,['FRESHWATER']
Animalia,Rotifera,Eurotatoria,Flosculariaceae,Testudinellidae,Testudinella,Testudinella clypeata,[]
Animalia,Rotifera,Eurotatoria,Bdelloidea,Philodinidae,Rotaria,Rotaria neptunoida,[]
Animalia,Rotifera,Eurotatoria,Bdelloidea,Adinetidae,Adineta,Adineta ricciae,['FRESHWATER']
Animalia,Rotifera,Eurotatoria,Ploima,Lepadellidae,Lepadella,Lepadella ovalis,[]
Animalia,Rotifera,Eurotatoria,Collothecacea,Collothecidae,Collotheca,Collotheca crateriformis,['FRESHWATER']
Animalia,Rotifera,Eurotatoria,Bdelloidea,Habrotrochidae,Habrotrocha,Habrotrocha novemdens,['FRESHWATER']
Animalia,Rotifera,Eurotatoria,Bdelloidea,Philodinidae,Macrotrachela,Macrotrachela labiata,['FRESHWATER']
Animalia,Rotifera,Eurotatoria,Bdelloidea,Habrotrochidae,Habrotrocha,Habrotrocha pertinax,['FRESHWATER']
Animalia,Rotifera,Eurotatoria,Ploima,Lepadellidae,Lepadella,Lepadella ovalis,[]
Animalia,Rotifera,Eurotatoria,Collothecacea,Collothecidae,Collotheca,Collotheca minuta,['FRESHWATER']
Animalia,Rotifera,Eurotatoria,Flosculariaceae,Hexarthridae,Hexarthra,Hexarthra brandorffi,['FRESHWATER']
Animalia,Rotifera,Eurotatoria,Bdelloidea,Habrotrochidae,Habrotrocha,Habrotrocha porrecta,['FRESHWATER']
Animalia,Rotifera,Eurotatoria,Bdelloidea,Habrotrochidae,Habrotrocha,Habrotrocha cucullata,['FRESHWATER']
Animalia,Rotifera,Eurotatoria,Flosculariaceae,Flosculariidae,Sinantherina,Sinantherina semibullata,['FRESHWATER']
Animalia,Rotifera,Eurotatoria,Flosculariaceae,Flosculariidae,Ptygura,Ptygura furcillata,['FRESHWATER']
Animalia,Rotifera,Eurotatoria,Ploima,Lepadellidae,Lepadella,Lepadella eurysterna,[]
Animalia,Rotifera,Eurotatoria,Bdelloidea,Philodinidae,Macrotrachela,Macrotrachela kallosoma,['FRESHWATER']
Animalia,Rotifera,Eurotatoria,Bdelloidea,Philodinidae,Rotaria,Rotaria tridens,['FRESHWATER']
Animalia,Rotifera,Eurotatoria,Bdelloidea,Habrotrochidae,Habrotrocha,Habrotrocha stenostephana,['FRESHWATER']
Animalia,Rotifera,Eurotatoria,Ploima,Lepadellidae,Lepadella,Lepadella lindaui,['FRESHWATER']
Animalia,Rotifera,Eurotatoria,Bdelloidea,Philodinidae,Macrotrachela,Macrotrachela smithi,['FRESHWATER']
Animalia,Rotifera,Eurotatoria,Collothecacea,Collothecidae,Collotheca,Collotheca pelagica,['FRESHWATER']
Animalia,Rotifera,Eurotatoria,Bdelloidea,Philodinidae,Macrotrachela,Macrotrachela multispinosa,['FRESHWATER']
Animalia,Rotifera,Eurotatoria,Bdelloidea,Philodinidae,Macrotrachela,Macrotrachela herzigana,['FRESHWATER']
Animalia,Rotifera,Eurotatoria,Flosculariaceae,Flosculariidae,Ptygura,Ptygura velata,[]
Animalia,Rotifera,Eurotatoria,Bdelloidea,Philodinidae,Pleuretra,Pleuretra bovicornis,['FRESHWATER']
Animalia,Rotifera,Eurotatoria,Bdelloidea,Philodinidae,Embata,Embata parasitica,['FRESHWATER']
Animalia,Rotifera,Eurotatoria,Bdelloidea,Habrotrochidae,Habrotrocha,Habrotrocha plana,['FRESHWATER']
Animalia,Rotifera,Eurotatoria,Bdelloidea,Philodinidae,Mniobia,Mniobia adhaerens,['FRESHWATER']
Animalia,Rotifera,Eurotatoria,Bdelloidea,Philodinidae,Philodina,Philodina dobrogensis,['FRESHWATER']
Animalia,Rotifera,Eurotatoria,Flosculariaceae,Testudinellidae,Testudinella,Testudinella parva,[]
Animalia,Rotifera,Eurotatoria,Ploima,Lepadellidae,Lepadella,Lepadella pejleri,['FRESHWATER']
Animalia,Rotifera,Eurotatoria,Collothecacea,Collothecidae,Collotheca,Collotheca evansonii,['FRESHWATER']
Animalia,Rotifera,Eurotatoria,Collothecacea,Collothecidae,Collotheca,Collotheca moselii,['FRESHWATER']
Animalia,Rotifera,Eurotatoria,Ploima,Lepadellidae,Lepadella,Lepadella rhodesiana,['FRESHWATER']
Animalia,Rotifera,Eurotatoria,Flosculariaceae,Flosculariidae,Ptygura,Ptygura stygis,['FRESHWATER']
Animalia,Rotifera,Eurotatoria,Bdelloidea,Habrotrochidae,Habrotrocha,Habrotrocha pulchra,['FRESHWATER']
Animalia,Rotifera,Eurotatoria,Bdelloidea,Philodinidae,Macrotrachela,Macrotrachela vesicularis,['FRESHWATER']
Animalia,Rotifera,Eurotatoria,Bdelloidea,Philodinidae,Mniobia,Mniobia burgeri,['FRESHWATER']
Animalia,Rotifera,Eurotatoria,Flosculariaceae,Trochosphaeridae,Filinia,Filinia passa,['FRESHWATER']
Animalia,Rotifera,Eurotatoria,Collothecacea,Collothecidae,Collotheca,Collotheca spinata,['FRESHWATER']
Animalia,Rotifera,Eurotatoria,Bdelloidea,Philodinidae,Macrotrachela,Macrotrachela cuthberti,['FRESHWATER']
Animalia,Rotifera,Eurotatoria,Bdelloidea,Habrotrochidae,Habrotrocha,Habrotrocha fusca,['FRESHWATER']
Animalia,Rotifera,Eurotatoria,Ploima,Lepadellidae,Lepadella,Lepadella heterodactyla,['FRESHWATER']
Animalia,Rotifera,Eurotatoria,Flosculariaceae,Trochosphaeridae,Filinia,Filinia pejleri,['FRESHWATER']
Animalia,Rotifera,Eurotatoria,Flosculariaceae,Flosculariidae,Floscularia,Floscularia pedunculata,['FRESHWATER']
Animalia,Rotifera,Eurotatoria,Ploima,Lepadellidae,Lepadella,Lepadella donneri,['FRESHWATER']
Animalia,Rotifera,Eurotatoria,Ploima,Gastropodidae,Gastropus,Gastropus hyptopus,[]
Animalia,Rotifera,Eurotatoria,Ploima,Lepadellidae,Lepadella,Lepadella vitrea,['FRESHWATER']
Animalia,Rotifera,Eurotatoria,Flosculariaceae,Trochosphaeridae,Horaella,Horaella thomassoni,['FRESHWATER']
Animalia,Rotifera,Eurotatoria,Bdelloidea,Philodinidae,Dissotrocha,Dissotrocha schlienzi,['FRESHWATER']
Animalia,Rotifera,Eurotatoria,Bdelloidea,Adinetidae,Adineta,Adineta tuberculosa,['FRESHWATER']
Animalia,Rotifera,Eurotatoria,Bdelloidea,Philodinidae,Anomopus,Anomopus chasmagnathi,['FRESHWATER']
Animalia,Rotifera,Eurotatoria,Bdelloidea,Habrotrochidae,Habrotrocha,Habrotrocha leitgebii,['FRESHWATER']
Animalia,Rotifera,Eurotatoria,Flosculariaceae,Flosculariidae,Floscularia,Floscularia janus,[]
Animalia,Rotifera,Eurotatoria,Ploima,Dicranophoridae,Paradicranophorus,Paradicranophorus wesenberglundi,['FRESHWATER']
Animalia,Rotifera,Eurotatoria,Flosculariaceae,Flosculariidae,Ptygura,Ptygura longicornis,['FRESHWATER']
Animalia,Rotifera,Eurotatoria,Bdelloidea,Philodinidae,Mniobia,Mniobia ocypetes,['FRESHWATER']
Animalia,Rotifera,Eurotatoria,Bdelloidea,Philodinidae,Macrotrachela,Macrotrachela induta,['FRESHWATER']
Animalia,Rotifera,Eurotatoria,Flosculariaceae,Flosculariidae,Ptygura,Ptygura beauchampi,['FRESHWATER']
Animalia,Rotifera,Eurotatoria,Collothecacea,Collothecidae,Collotheca,Collotheca campanulata,[]
Animalia,Rotifera,Eurotatoria,Bdelloidea,Habrotrochidae,Habrotrocha,Habrotrocha spicula,['FRESHWATER']
Animalia,Rotifera,Eurotatoria,Bdelloidea,Philodinidae,Mniobia,Mniobia lenta,['FRESHWATER']
Animalia,Rotifera,Eurotatoria,Ploima,Lepadellidae,Lepadella,Lepadella lata,['FRESHWATER']
Animalia,Rotifera,Eurotatoria,Bdelloidea,Philodinidae,Philodina,Philodina nemoralis,['FRESHWATER']
Animalia,Rotifera,Eurotatoria,Bdelloidea,Philodinidae,Pleuretra,Pleuretra costata,['FRESHWATER']
Animalia,Rotifera,Eurotatoria,Ploima,Lepadellidae,Lepadella,Lepadella elongata,['FRESHWATER']
Animalia,Rotifera,Eurotatoria,Bdelloidea,Philodinidae,Mniobia,Mniobia dentata,['FRESHWATER']
Animalia,Rotifera,Eurotatoria,Flosculariaceae,Conochilidae,Conochilus,Conochilus hippocrepis,[]
Animalia,Rotifera,Eurotatoria,Bdelloidea,Philodinidae,Mniobia,Mniobia magna,['FRESHWATER']
Animalia,Rotifera,Eurotatoria,Bdelloidea,Philodinidae,Mniobia,Mniobia branchicola,['FRESHWATER']
Animalia,Rotifera,Eurotatoria,Ploima,Lepadellidae,Lepadella,Lepadella heterostyla,['FRESHWATER']
Animalia,Rotifera,Eurotatoria,Bdelloidea,Habrotrochidae,Habrotrocha,Habrotrocha curva,['FRESHWATER']
Animalia,Rotifera,Eurotatoria,Ploima,Lepadellidae,Lepadella,Lepadella triptera,[]
Animalia,Rotifera,Eurotatoria,Bdelloidea,Habrotrochidae,Habrotrocha,Habrotrocha granulata,['FRESHWATER']
Animalia,Rotifera,Eurotatoria,Flosculariaceae,Flosculariidae,Ptygura,Ptygura furcillata,[]
Animalia,Rotifera,Eurotatoria,Bdelloidea,Philodinidae,Rotaria,Rotaria montana,['FRESHWATER']
Animalia,Rotifera,Eurotatoria,Bdelloidea,Philodinidae,Macrotrachela,Macrotrachela plicata,['FRESHWATER']
Animalia,Rotifera,Eurotatoria,Ploima,Lepadellidae,Squatinella,Squatinella lamellaris,[]
Animalia,Rotifera,Eurotatoria,Ploima,Lepadellidae,Lepadella,Lepadella hyalina,['FRESHWATER']
Animalia,Rotifera,Eurotatoria,Ploima,Lepadellidae,Lepadella,Lepadella ovalis,[]
Animalia,Rotifera,Eurotatoria,Flosculariaceae,Hexarthridae,Hexarthra,Hexarthra propinqua,['FRESHWATER']
Animalia,Rotifera,Eurotatoria,Ploima,Lepadellidae,Lepadella,Lepadella mascarensis,['FRESHWATER']
Animalia,Rotifera,Eurotatoria,Ploima,Lepadellidae,Lepadella,Lepadella lata,[]
Animalia,Rotifera,Eurotatoria,Bdelloidea,Philodinidae,Macrotrachela,Macrotrachela papillosa,['FRESHWATER']
Animalia,Rotifera,Eurotatoria,Ploima,Lepadellidae,Lepadella,Lepadella vandenbrandei,['FRESHWATER']
Animalia,Rotifera,Eurotatoria,Bdelloidea,Philodinidae,Rotaria,Rotaria rotatoria,[]
Animalia,Rotifera,Eurotatoria,Bdelloidea,Philodinidae,Macrotrachela,Macrotrachela habita,['FRESHWATER']
Animalia,Rotifera,Eurotatoria,Ploima,Dicranophoridae,Erignatha,Erignatha sagittoides,['FRESHWATER']
Animalia,Rotifera,Eurotatoria,Flosculariaceae,Trochosphaeridae,Filinia,Filinia limnetica,['FRESHWATER']
Animalia,Rotifera,Eurotatoria,Collothecacea,Collothecidae,Collotheca,Collotheca campanulata,['FRESHWATER']
Animalia,Rotifera,Eurotatoria,Bdelloidea,Philodinidae,Philodina,Philodina tenuicalcar,['FRESHWATER']
Animalia,Rotifera,Eurotatoria,Ploima,Gastropodidae,Ascomorpha,Ascomorpha ecaudis,[]
Animalia,Rotifera,Eurotatoria,Collothecacea,Collothecidae,Collotheca,Collotheca quadrinodosa,['FRESHWATER']
Animalia,Rotifera,Eurotatoria,Ploima,Lepadellidae,Lepadella,Lepadella eurysterna,['FRESHWATER']
Animalia,Rotifera,Eurotatoria,Bdelloidea,Habrotrochidae,Habrotrocha,Habrotrocha gulosa,['FRESHWATER']
Animalia,Rotifera,Eurotatoria,Bdelloidea,Philodinidae,Macrotrachela,Macrotrachela zickendrahti,['FRESHWATER']
Animalia,Rotifera,Eurotatoria,Ploima,Dicranophoridae,Albertia,Albertia crystallina,['FRESHWATER']
Animalia,Rotifera,Eurotatoria,Ploima,Lepadellidae,Lepadella,Lepadella psammophila,['FRESHWATER']
Animalia,Rotifera,Eurotatoria,Bdelloidea,Habrotrochidae,Otostephanos,Otostephanos annulatus,['FRESHWATER']
Animalia,Rotifera,Eurotatoria,Ploima,Lepadellidae,Lepadella,Lepadella triptera,[]
Animalia,Rotifera,Eurotatoria,Bdelloidea,Habrotrochidae,Habrotrocha,Habrotrocha cuneata,['FRESHWATER']
Animalia,Rotifera,Eurotatoria,Flosculariaceae,Flosculariidae,Ptygura,Ptygura brevis,['FRESHWATER']
Animalia,Rotifera,Eurotatoria,Ploima,Lepadellidae,Lepadella,Lepadella ovalis,[]
Animalia,Rotifera,Eurotatoria,Bdelloidea,Philodinidae,Philodina,Philodina duplicalcar,['FRESHWATER']
Animalia,Rotifera,Eurotatoria,Flosculariaceae,Flosculariidae,Ptygura,Ptygura melicerta,[]
Animalia,Rotifera,Eurotatoria,Bdelloidea,Habrotrochidae,Habrotrocha,Habrotrocha sollicita,['FRESHWATER']
Animalia,Rotifera,Eurotatoria,Bdelloidea,Philodinidae,Mniobia,Mniobia tentans,['FRESHWATER']
Animalia,Rotifera,Eurotatoria,Bdelloidea,Habrotrochidae,Habrotrocha,Habrotrocha minuta,['FRESHWATER']
Animalia,Rotifera,Eurotatoria,Ploima,Lepadellidae,Lepadella,Lepadella nartiangensis,['FRESHWATER']
Animalia,Rotifera,Eurotatoria,Flosculariaceae,Hexarthridae,Hexarthra,Hexarthra intermedia,[]
Animalia,Rotifera,Eurotatoria,Bdelloidea,Habrotrochidae,Habrotrocha,Habrotrocha strangulata,['FRESHWATER']
Animalia,Rotifera,Eurotatoria,Ploima,Lepadellidae,Lepadella,Lepadella benjamini,['FRESHWATER']
Animalia,Rotifera,Eurotatoria,Bdelloidea,Habrotrochidae,Scepanotrocha,Scepanotrocha impexa,['FRESHWATER']
Animalia,Rotifera,Eurotatoria,Ploima,Lepadellidae,Lepadella,Lepadella quinquecostata,['FRESHWATER']
Animalia,Rotifera,Eurotatoria,Bdelloidea,Philodinidae,Rotaria,Rotaria sordida,[]
Animalia,Rotifera,Eurotatoria,Bdelloidea,Habrotrochidae,Habrotrocha,Habrotrocha schultei,['FRESHWATER']
Animalia,Rotifera,Eurotatoria,Flosculariaceae,Hexarthridae,Hexarthra,Hexarthra fennica,['FRESHWATER']
Animalia,Rotifera,Eurotatoria,Bdelloidea,Habrotrochidae,Habrotrocha,Habrotrocha constricta,['FRESHWATER']
Animalia,Rotifera,Eurotatoria,Ploima,Lepadellidae,Lepadella,Lepadella gelida,['FRESHWATER']
Animalia,Rotifera,Eurotatoria,Collothecacea,Collothecidae,Collotheca,Collotheca atrochoides,['FRESHWATER']
Animalia,Rotifera,Eurotatoria,Collothecacea,Collothecidae,Collotheca,Collotheca annulata,['FRESHWATER']
Animalia,Rotifera,Eurotatoria,Bdelloidea,Habrotrochidae,Habrotrocha,Habrotrocha fuhrmanni,['FRESHWATER']
Animalia,Rotifera,Eurotatoria,Flosculariaceae,Flosculariidae,Floscularia,Floscularia melicerta,[]
Animalia,Rotifera,Eurotatoria,Ploima,Dicranophoridae,Dorria,Dorria dalecarlica,['FRESHWATER']
Animalia,Rotifera,Eurotatoria,Bdelloidea,Philodinidae,Mniobia,Mniobia granulosa,['FRESHWATER']
Animalia,Rotifera,Eurotatoria,Ploima,Lepadellidae,Lepadella,Lepadella deridderae,['FRESHWATER']
Animalia,Rotifera,Eurotatoria,Bdelloidea,Philodinidae,Pleuretra,Pleuretra reticulata,['FRESHWATER']
Animalia,Rotifera,Eurotatoria,Bdelloidea,Philodinidae,Mniobia,Mniobia lamellata,['FRESHWATER']
Animalia,Rotifera,Eurotatoria,Bdelloidea,Habrotrochidae,Habrotrocha,Habrotrocha gibbosa,['FRESHWATER']
Animalia,Rotifera,Eurotatoria,Bdelloidea,Adinetidae,Bradyscela,Bradyscela clauda,['FRESHWATER']
Animalia,Rotifera,Eurotatoria,Bdelloidea,Philodinidae,Philodina,Philodina megalotrocha,[]
Animalia,Rotifera,Eurotatoria,Bdelloidea,Habrotrochidae,Habrotrocha,Habrotrocha annulata,['FRESHWATER']
Animalia,Rotifera,Eurotatoria,Bdelloidea,Habrotrochidae,Habrotrocha,Habrotrocha placida,['FRESHWATER']
Animalia,Rotifera,Eurotatoria,Flosculariaceae,Conochilidae,Conochilus,Conochilus exiguus,['FRESHWATER']
Animalia,Rotifera,Eurotatoria,Bdelloidea,Philodinidae,Macrotrachela,Macrotrachela ehrenbergii,['FRESHWATER']
Animalia,Rotifera,Eurotatoria,Bdelloidea,Philodinidae,Philodina,Philodina erythrophthalma,['FRESHWATER']
Animalia,Rotifera,Eurotatoria,Bdelloidea,Philodinidae,Mniobia,Mniobia scarlatina,['FRESHWATER']
Animalia,Rotifera,Eurotatoria,Flosculariaceae,Flosculariidae,Floscularia,Floscularia ringens,[]
Animalia,Rotifera,Eurotatoria,Bdelloidea,Habrotrochidae,Habrotrocha,Habrotrocha bidens,[]
Animalia,Rotifera,Eurotatoria,Bdelloidea,Habrotrochidae,Habrotrocha,Habrotrocha puella,['FRESHWATER']
Animalia,Rotifera,Eurotatoria,Flosculariaceae,Testudinellidae,Testudinella,Testudinella patina,[]
Animalia,Rotifera,Eurotatoria,Flosculariaceae,Trochosphaeridae,Filinia,Filinia minuta,['FRESHWATER']
Animalia,Rotifera,Eurotatoria,Bdelloidea,Philodinidae,Mniobia,Mniobia punctulata,['FRESHWATER']
Animalia,Rotifera,Eurotatoria,Ploima,Dicranophoridae,Balatro,Balatro anguiformis,['FRESHWATER']
Animalia,Rotifera,Eurotatoria,Bdelloidea,Philodinidae,Macrotrachela,Macrotrachela musculosa,['FRESHWATER']
Animalia,Rotifera,Eurotatoria,Ploima,Dicranophoridae,Paradicranophorus,Paradicranophorus aculeatus,['FRESHWATER']
Animalia,Rotifera,Eurotatoria,Ploima,Lepadellidae,Lepadella,Lepadella longiseta,['FRESHWATER']
Animalia,Rotifera,Eurotatoria,Bdelloidea,Habrotrochidae,Habrotrocha,Habrotrocha trilobata,['FRESHWATER']
Animalia,Rotifera,Eurotatoria,Ploima,Lepadellidae,Lepadella,Lepadella obtusa,['FRESHWATER']
Animalia,Rotifera,Eurotatoria,Bdelloidea,Philodinidae,Philodina,Philodina scabra,['FRESHWATER']
Animalia,Rotifera,Eurotatoria,Ploima,Lepadellidae,Lepadella,Lepadella nympha,['FRESHWATER']
Animalia,Rotifera,Eurotatoria,Flosculariaceae,Flosculariidae,Limnias,Limnias melicerta,[]
Animalia,Rotifera,Eurotatoria,Bdelloidea,Philodinidae,Embata,Embata commensalis,['FRESHWATER']
Animalia,Rotifera,Eurotatoria,Bdelloidea,Philodinidae,Didymodactylos,Didymodactylos carnosus,['FRESHWATER']
Animalia,Rotifera,Eurotatoria,Ploima,Gastropodidae,Ascomorpha,Ascomorpha agilis,['FRESHWATER']
Animalia,Rotifera,Eurotatoria,Bdelloidea,Adinetidae,Adineta,Adineta grandis,['FRESHWATER']
Animalia,Rotifera,Eurotatoria,Ploima,Gastropodidae,Ascomorpha,Ascomorpha ovalis,['FRESHWATER']
Animalia,Rotifera,Eurotatoria,Bdelloidea,Philodinidae,Macrotrachela,Macrotrachela samali,['FRESHWATER']
Animalia,Rotifera,Eurotatoria,Bdelloidea,Philodinidae,Mniobia,Mniobia mirabilis,['FRESHWATER']
Animalia,Rotifera,Eurotatoria,Flosculariaceae,Trochosphaeridae,Filinia,Filinia minuta,[]
Animalia,Rotifera,Eurotatoria,Bdelloidea,Habrotrochidae,Habrotrocha,Habrotrocha pavida,['FRESHWATER']
Animalia,Rotifera,Eurotatoria,Ploima,Gastropodidae,Ascomorpha,Ascomorpha ecaudis,[]
Animalia,Rotifera,Eurotatoria,Bdelloidea,Philodinidae,Dissotrocha,Dissotrocha hertzogi,['FRESHWATER']
Animalia,Rotifera,Eurotatoria,Flosculariaceae,Flosculariidae,Ptygura,Ptygura pedunculata,['FRESHWATER']
Animalia,Rotifera,Eurotatoria,Flosculariaceae,Flosculariidae,Floscularia,Floscularia ringens,[]
Animalia,Rotifera,Eurotatoria,Flosculariaceae,Conochilidae,Conochilus,Conochilus hippocrepis,['FRESHWATER']
Animalia,Rotifera,Eurotatoria,Ploima,Lepadellidae,Lepadella,Lepadella neglecta,['FRESHWATER']
Animalia,Rotifera,Eurotatoria,Collothecacea,Collothecidae,Collotheca,Collotheca calva,['FRESHWATER']
Animalia,Rotifera,Eurotatoria,Bdelloidea,Philodinidae,Mniobia,Mniobia incurata,['FRESHWATER']
Animalia,Rotifera,Eurotatoria,Bdelloidea,Habrotrochidae,Scepanotrocha,Scepanotrocha galeata,['FRESHWATER']
Animalia,Rotifera,Eurotatoria,Bdelloidea,Habrotrochidae,Habrotrocha,Habrotrocha filum,['FRESHWATER']
Animalia,Rotifera,Eurotatoria,Bdelloidea,Philodinidae,Rotaria,Rotaria neptunia,['FRESHWATER']
Animalia,Rotifera,Eurotatoria,Ploima,Lepadellidae,Squatinella,Squatinella lunata,['FRESHWATER']
Animalia,Rotifera,Eurotatoria,Bdelloidea,Philodinidae,Macrotrachela,Macrotrachela nana,['FRESHWATER']
Animalia,Rotifera,Eurotatoria,Ploima,Lepadellidae,Lepadella,Lepadella ovalis,['FRESHWATER']
Animalia,Rotifera,Eurotatoria,Bdelloidea,Habrotrochidae,Habrotrocha,Habrotrocha solitaria,['FRESHWATER']
Animalia,Rotifera,Eurotatoria,Bdelloidea,Habrotrochidae,Habrotrocha,Habrotrocha crassa,['FRESHWATER']
Animalia,Rotifera,Eurotatoria,Bdelloidea,Philodinidae,Mniobia,Mniobia iurensis,['FRESHWATER']
Animalia,Rotifera,Eurotatoria,Bdelloidea,Philodinidae,Macrotrachela,Macrotrachela tenuis,['FRESHWATER']
Animalia,Rotifera,Eurotatoria,Bdelloidea,Philodinidae,Pleuretra,Pleuretra proxima,['FRESHWATER']
Animalia,Rotifera,Eurotatoria,Ploima,Lepadellidae,Lepadella,Lepadella minuta,[]
Animalia,Rotifera,Eurotatoria,Bdelloidea,Philodinidae,Philodina,Philodina eurystephana,['FRESHWATER']
Animalia,Rotifera,Eurotatoria,Ploima,Lepadellidae,Lepadella,Lepadella triba,['FRESHWATER']
Animalia,Rotifera,Eurotatoria,Bdelloidea,Philodinidae,Dissotrocha,Dissotrocha decembullata,['FRESHWATER']
Animalia,Rotifera,Eurotatoria,Ploima,Lepadellidae,Lepadella,Lepadella favorita,['FRESHWATER']
Animalia,Rotifera,Eurotatoria,Bdelloidea,Habrotrochidae,Habrotrocha,Habrotrocha collaris,['FRESHWATER']
Animalia,Rotifera,Eurotatoria,Bdelloidea,Philodinidae,Philodina,Philodina acuticornis,['FRESHWATER']
Animalia,Rotifera,Eurotatoria,Bdelloidea,Philodinidae,Mniobia,Mniobia bredensis,['FRESHWATER']
Animalia,Rotifera,Eurotatoria,Ploima,Dicranophoridae,Encentrum,Encentrum brevifulcrum,['FRESHWATER']
Animalia,Rotifera,Eurotatoria,Bdelloidea,Philodinidae,Philodina,Philodina brevipes,['FRESHWATER']
Animalia,Rotifera,Eurotatoria,Bdelloidea,Philodinidae,Macrotrachela,Macrotrachela fungicola,['FRESHWATER']
Animalia,Rotifera,Eurotatoria,Bdelloidea,Philodinidae,Mniobia,Mniobia montium,['FRESHWATER']
Animalia,Rotifera,Eurotatoria,Bdelloidea,Philodinidae,Macrotrachela,Macrotrachela oblita,['FRESHWATER']
Animalia,Rotifera,Eurotatoria,Bdelloidea,Philodinidae,Rotaria,Rotaria macroceros,['FRESHWATER']
Animalia,Rotifera,Eurotatoria,Bdelloidea,Philodinidae,Macrotrachela,Macrotrachela cancrophila,['FRESHWATER']
Animalia,Rotifera,Eurotatoria,Bdelloidea,Philodinidae,Macrotrachela,Macrotrachela obtusa,['FRESHWATER']
Animalia,Rotifera,Eurotatoria,Flosculariaceae,Flosculariidae,Ptygura,Ptygura seminatans,['FRESHWATER']
Animalia,Rotifera,Eurotatoria,Bdelloidea,Philodinidae,Mniobia,Mniobia incrassata,['FRESHWATER']
Animalia,Rotifera,Eurotatoria,Bdelloidea,Habrotrochidae,Habrotrocha,Habrotrocha colliflectens,['FRESHWATER']
Animalia,Rotifera,Eurotatoria,Collothecacea,Collothecidae,Collotheca,Collotheca ferox,['FRESHWATER']
Animalia,Rotifera,Eurotatoria,Bdelloidea,Philodinidae,Dissotrocha,Dissotrocha kostei,['FRESHWATER']
Animalia,Rotifera,Eurotatoria,Bdelloidea,Philodinidae,Rotaria,Rotaria rotatoria,[]
Animalia,Rotifera,Eurotatoria,Bdelloidea,Habrotrochidae,Habrotrocha,Habrotrocha elegans,['FRESHWATER']
Animalia,Rotifera,Eurotatoria,Ploima,Lepadellidae,Lepadella,Lepadella quadricurvata,['FRESHWATER']
Animalia,Rotifera,Eurotatoria,Bdelloidea,Philodinidae,Macrotrachela,Macrotrachela bilfingeri,[]
Animalia,Rotifera,Eurotatoria,Bdelloidea,Philodinidae,Dissotrocha,Dissotrocha spinosa,['FRESHWATER']
Animalia,Rotifera,Eurotatoria,Ploima,Lepadellidae,Lepadella,Lepadella pseudosimilis,['FRESHWATER']
Animalia,Rotifera,Eurotatoria,Bdelloidea,Philodinidae,Philodina,Philodina squamosa,['FRESHWATER']
Animalia,Rotifera,Eurotatoria,Bdelloidea,Philodinidae,Mniobia,Mniobia brachypoda,['FRESHWATER']
Animalia,Rotifera,Eurotatoria,Bdelloidea,Philodinidae,Philodina,Philodina rugosa,['FRESHWATER']
Animalia,Rotifera,Eurotatoria,Bdelloidea,Philodinidae,Philodina,Philodina parvicalcar,['FRESHWATER']
Animalia,Rotifera,Eurotatoria,Bdelloidea,Philodinidae,Macrotrachela,Macrotrachela quadricornifera,[]
Animalia,Rotifera,Eurotatoria,Ploima,Lepadellidae,Squatinella,Squatinella retrospina,['FRESHWATER']
Animalia,Rotifera,Eurotatoria,Bdelloidea,Philodinidae,Philodina,Philodina tranquilla,['FRESHWATER']
Animalia,Rotifera,Eurotatoria,Ploima,Dicranophoridae,Albertia,Albertia naidis,[]
Animalia,Rotifera,Eurotatoria,Ploima,Lepadellidae,Lepadella,Lepadella glossa,['FRESHWATER']
Animalia,Rotifera,Eurotatoria,Bdelloidea,Philodinidae,Philodina,Philodina lepta,['FRESHWATER']
Animalia,Rotifera,Eurotatoria,Bdelloidea,Philodinidae,Mniobia,Mniobia russeola,['FRESHWATER']
Animalia,Rotifera,Eurotatoria,Bdelloidea,Habrotrochidae,Habrotrocha,Habrotrocha komareki,['FRESHWATER']
Animalia,Rotifera,Eurotatoria,Bdelloidea,Philodinidae,Philodina,Philodina nitida,['FRESHWATER']
Animalia,Rotifera,Eurotatoria,Flosculariaceae,Trochosphaeridae,Filinia,Filinia grandis,['FRESHWATER']
Animalia,Rotifera,Eurotatoria,Bdelloidea,Habrotrochidae,Otostephanos,Otostephanos cuspidilabris,['FRESHWATER']
Animalia,Rotifera,Eurotatoria,Collothecacea,Collothecidae,Collotheca,Collotheca rasmae,['FRESHWATER']
Animalia,Rotifera,Eurotatoria,Bdelloidea,Habrotrochidae,Habrotrocha,Habrotrocha acornis,['FRESHWATER']
Animalia,Rotifera,Eurotatoria,Bdelloidea,Philodinidae,Mniobia,Mniobia placida,['FRESHWATER']
Animalia,Rotifera,Eurotatoria,Bdelloidea,Philodinidae,Ceratotrocha,Ceratotrocha velata,['FRESHWATER']
Animalia,Rotifera,Eurotatoria,Flosculariaceae,Flosculariidae,Ptygura,Ptygura tridorsicornis,['FRESHWATER']
Animalia,Rotifera,Eurotatoria,Ploima,Lepadellidae,Lepadella,Lepadella degreefi,['FRESHWATER']
Animalia,Rotifera,Eurotatoria,Collothecacea,Collothecidae,Collotheca,Collotheca ambigua,['FRESHWATER']
Animalia,Rotifera,Eurotatoria,Flosculariaceae,Flosculariidae,Floscularia,Floscularia ringens,['FRESHWATER']
Animalia,Rotifera,Eurotatoria,Bdelloidea,Philodinidae,Philodina,Philodina amethystina,['FRESHWATER']
Animalia,Rotifera,Eurotatoria,Flosculariaceae,Trochosphaeridae,Filinia,Filinia hofmanni,['FRESHWATER']
Animalia,Rotifera,Eurotatoria,Bdelloidea,Habrotrochidae,Habrotrocha,Habrotrocha stenochlaena,['FRESHWATER']
Animalia,Rotifera,Eurotatoria,Ploima,Lepadellidae,Lepadella,Lepadella quinquecostata,[]
Animalia,Rotifera,Eurotatoria,Ploima,Lepadellidae,Lepadella,Lepadella tricostata,['FRESHWATER']
Animalia,Rotifera,Eurotatoria,Bdelloidea,Philodinidae,Philodina,Philodina antarctica,['FRESHWATER']
Animalia,Rotifera,Eurotatoria,Ploima,Lepadellidae,Lepadella,Lepadella angusta,['FRESHWATER']
Animalia,Rotifera,Eurotatoria,Ploima,Lepadellidae,Lepadella,Lepadella evaginata,['FRESHWATER']
Animalia,Rotifera,Eurotatoria,Bdelloidea,Philodinidae,Rotaria,Rotaria elongata,['FRESHWATER']
Animalia,Rotifera,Eurotatoria,Bdelloidea,Habrotrochidae,Habrotrocha,Habrotrocha longicalcarata,['FRESHWATER']
Animalia,Rotifera,Eurotatoria,Bdelloidea,Habrotrochidae,Habrotrocha,Habrotrocha crenata,['FRESHWATER']
Animalia,Rotifera,Eurotatoria,Bdelloidea,Philodinidae,Dissotrocha,Dissotrocha bjoerki,['FRESHWATER']
Animalia,Rotifera,Eurotatoria,Collothecacea,Collothecidae,Collotheca,Collotheca edentata,[]
Animalia,Rotifera,Eurotatoria,Collothecacea,Collothecidae,Collotheca,Collotheca ornata,[]
Animalia,Rotifera,Eurotatoria,Ploima,Lepadellidae,Lepadella,Lepadella triprojectus,['FRESHWATER']
Animalia,Rotifera,Eurotatoria,Flosculariaceae,Flosculariidae,Sinantherina,Sinantherina ariprepes,['FRESHWATER']
Animalia,Rotifera,Eurotatoria,Flosculariaceae,Flosculariidae,Ptygura,Ptygura kostei,['FRESHWATER']
Animalia,Rotifera,Eurotatoria,Collothecacea,Collothecidae,Stephanoceros,Stephanoceros fimbriatus,['FRESHWATER']
Animalia,Rotifera,Eurotatoria,Bdelloidea,Habrotrochidae,Habrotrocha,Habrotrocha baradlana,['FRESHWATER']
Animalia,Rotifera,Eurotatoria,Bdelloidea,Habrotrochidae,Habrotrocha,Habrotrocha valida,['FRESHWATER']
Animalia,Rotifera,Eurotatoria,Bdelloidea,Philodinidae,Mniobia,Mniobia discophora,['FRESHWATER']
Animalia,Rotifera,Eurotatoria,Ploima,Lepadellidae,Colurella,Colurella uncinata,[]
Animalia,Rotifera,Eurotatoria,Bdelloidea,Philodinidae,Mniobia,Mniobia barbatula,['FRESHWATER']
Animalia,Rotifera,Eurotatoria,Bdelloidea,Philodinidae,Macrotrachela,Macrotrachela pilousi,['FRESHWATER']
Animalia,Rotifera,Eurotatoria,Bdelloidea,Philodinidae,Mniobia,Mniobia lobata,['FRESHWATER']
Animalia,Rotifera,Eurotatoria,Bdelloidea,Habrotrochidae,Habrotrocha,Habrotrocha praelonga,['FRESHWATER']
Animalia,Rotifera,Eurotatoria,Ploima,Lepadellidae,Lepadella,Lepadella tyleri,['FRESHWATER']
Animalia,Rotifera,Eurotatoria,Ploima,Lepadellidae,Lepadella,Lepadella minoruoides,['FRESHWATER']
Animalia,Rotifera,Eurotatoria,Bdelloidea,Philodinidae,Pleuretra,Pleuretra similis,['FRESHWATER']
Animalia,Rotifera,Eurotatoria,Ploima,Lepadellidae,Lepadella,Lepadella parasitica,['FRESHWATER']
Animalia,Rotifera,Eurotatoria,Bdelloidea,Habrotrochidae,Habrotrocha,Habrotrocha munda,['FRESHWATER']
Animalia,Rotifera,Eurotatoria,Bdelloidea,Philodinidae,Macrotrachela,Macrotrachela muricata,['FRESHWATER']
Animalia,Rotifera,Eurotatoria,Ploima,Dicranophoridae,Paradicranophorus,Paradicranophorus verae,['FRESHWATER']
Animalia,Rotifera,Eurotatoria,Bdelloidea,Philodinidae,Rotaria,Rotaria rotatoria,[]
Animalia,Rotifera,Eurotatoria,Bdelloidea,Habrotrochidae,Habrotrocha,Habrotrocha quinquedens,['FRESHWATER']
Animalia,Rotifera,Eurotatoria,Collothecacea,Atrochidae,Acyclus,Acyclus trilobus,['FRESHWATER']
Animalia,Rotifera,Eurotatoria,Bdelloidea,Adinetidae,Adineta,Adineta acuticornis,['FRESHWATER']
Animalia,Rotifera,Eurotatoria,Collothecacea,Atrochidae,Atrochus,Atrochus tentaculatus,['FRESHWATER']
Animalia,Rotifera,Eurotatoria,Flosculariaceae,Flosculariidae,Limnias,Limnias ceratophylli,[]
Animalia,Rotifera,Eurotatoria,Ploima,Lepadellidae,Lepadella,Lepadella zigzag,[]
Animalia,Rotifera,Eurotatoria,Bdelloidea,Habrotrochidae,Habrotrocha,Habrotrocha nodosa,['FRESHWATER']
Animalia,Rotifera,Eurotatoria,Ploima,Lepadellidae,Lepadella,Lepadella visenda,['FRESHWATER']
Animalia,Rotifera,Eurotatoria,Flosculariaceae,Trochosphaeridae,Filinia,Filinia brachiata,['FRESHWATER']
Animalia,Rotifera,Eurotatoria,Ploima,Lepadellidae,Lepadella,Lepadella patella,['FRESHWATER']
Animalia,Rotifera,Eurotatoria,Bdelloidea,Philodinidae,Macrotrachela,Macrotrachela ambigua,['FRESHWATER']
Animalia,Rotifera,Eurotatoria,Bdelloidea,Philodinidae,Philodina,Philodina gregaria,['FRESHWATER']
Animalia,Rotifera,Eurotatoria,Ploima,Dicranophoridae,Balatro,Balatro fridericiae,['FRESHWATER']
Animalia,Rotifera,Eurotatoria,Ploima,Lepadellidae,Lepadella,Lepadella cristata,['FRESHWATER']
Animalia,Rotifera,Eurotatoria,Flosculariaceae,Hexarthridae,Hexarthra,Hexarthra polychaeta,['FRESHWATER']
Animalia,Rotifera,Eurotatoria,Collothecacea,Collothecidae,Collotheca,Collotheca heptabrachiata,['FRESHWATER']
Animalia,Rotifera,Eurotatoria,Collothecacea,Collothecidae,Collotheca,Collotheca monoceros,['FRESHWATER']
Animalia,Rotifera,Eurotatoria,Ploima,Gastropodidae,Gastropus,Gastropus minor,[]
Animalia,Rotifera,Eurotatoria,Ploima,Gastropodidae,Ascomorpha,Ascomorpha dumonti,['FRESHWATER']
Animalia,Rotifera,Eurotatoria,Bdelloidea,Philodinidae,Rotaria,Rotaria macrura,['FRESHWATER']
Animalia,Rotifera,Eurotatoria,Flosculariaceae,Trochosphaeridae,Filinia,Filinia brachiata,[]
Animalia,Rotifera,Eurotatoria,Bdelloidea,Habrotrochidae,Habrotrocha,Habrotrocha tridentata,['FRESHWATER']
Animalia,Rotifera,Eurotatoria,Ploima,Lepadellidae,Lepadella,Lepadella vanoyei,['FRESHWATER']
Animalia,Rotifera,Eurotatoria,Bdelloidea,Habrotrochidae,Habrotrocha,Habrotrocha humilis,['FRESHWATER']
Animalia,Rotifera,Eurotatoria,Collothecacea,Collothecidae,Collotheca,Collotheca trifidlobata,['FRESHWATER']
Animalia,Rotifera,Eurotatoria,Bdelloidea,Habrotrochidae,Habrotrocha,Habrotrocha modesta,['FRESHWATER']
Animalia,Rotifera,Eurotatoria,Bdelloidea,Philodinidae,Rotaria,Rotaria rotatoria,[]
Animalia,Rotifera,Eurotatoria,Ploima,Lepadellidae,Lepadella,Lepadella wrighti,['FRESHWATER']
Animalia,Rotifera,Eurotatoria,Bdelloidea,Habrotrochidae,Habrotrocha,Habrotrocha microcephala,['FRESHWATER']
Animalia,Rotifera,Eurotatoria,Bdelloidea,Habrotrochidae,Habrotrocha,Habrotrocha tripus,['FRESHWATER']
Animalia,Rotifera,Eurotatoria,Bdelloidea,Philodinidae,Embata,Embata laticornis,['FRESHWATER']
Animalia,Rotifera,Eurotatoria,Bdelloidea,Philodinidae,Zelinkiella,Zelinkiella synaptae,['FRESHWATER']
Animalia,Rotifera,Eurotatoria,Bdelloidea,Habrotrochidae,Habrotrocha,Habrotrocha iners,['FRESHWATER']
Animalia,Rotifera,Eurotatoria,Bdelloidea,Philodinidae,Macrotrachela,Macrotrachela speciosa,['FRESHWATER']
Animalia,Rotifera,Eurotatoria,Bdelloidea,Philodinidae,Macrotrachela,Macrotrachela insulana,['FRESHWATER']
Animalia,Rotifera,Eurotatoria,Ploima,Lepadellidae,Lepadella,Lepadella amazonica,['FRESHWATER']
Animalia,Rotifera,Eurotatoria,Flosculariaceae,Testudinellidae,Pompholyx,Pompholyx sulcata,['FRESHWATER']
Animalia,Rotifera,Eurotatoria,Bdelloidea,Philodinidae,Macrotrachela,Macrotrachela ligulata,['FRESHWATER']
Animalia,Rotifera,Eurotatoria,Ploima,Lepadellidae,Lepadella,Lepadella decora,['FRESHWATER']
Animalia,Rotifera,Eurotatoria,Ploima,Dicranophoridae,Albertia,Albertia naidis,[]
Animalia,Rotifera,Eurotatoria,Ploima,Lepadellidae,Lepadella,Lepadella cyrtopus,['FRESHWATER']
Animalia,Rotifera,Eurotatoria,Ploima,Lepadellidae,Lepadella,Lepadella branchicola,['FRESHWATER']
Animalia,Rotifera,Eurotatoria,Ploima,Lepadellidae,Squatinella,Squatinella lamellaris,['FRESHWATER']
Animalia,Rotifera,Eurotatoria,Bdelloidea,Philodinidae,Rotaria,Rotaria haptica,['FRESHWATER']
Animalia,Rotifera,Eurotatoria,Flosculariaceae,Conochilidae,Conochilopsis,Conochilopsis causeyae,['FRESHWATER']
Animalia,Rotifera,Eurotatoria,Flosculariaceae,Flosculariidae,Ptygura,Ptygura crystallina,['FRESHWATER']
Animalia,Rotifera,Eurotatoria,Bdelloidea,Habrotrochidae,Habrotrocha,Habrotrocha angularis,['FRESHWATER']
Animalia,Rotifera,Eurotatoria,Ploima,Lepadellidae,Lepadella,Lepadella xenica,['FRESHWATER']
Animalia,Rotifera,Eurotatoria,Flosculariaceae,Flosculariidae,Floscularia,Floscularia ringens,[]
Animalia,Rotifera,Eurotatoria,Bdelloidea,Philodinidae,Philodina,Philodina tridentata,['FRESHWATER']
Animalia,Rotifera,Eurotatoria,Bdelloidea,Philodinidae,Mniobia,Mniobia frankenbergeri,['FRESHWATER']
Animalia,Rotifera,Eurotatoria,Bdelloidea,Habrotrochidae,Scepanotrocha,Scepanotrocha rubra,['FRESHWATER']
Animalia,Rotifera,Eurotatoria,Bdelloidea,Philodinidae,Macrotrachela,Macrotrachela vanoyei,['FRESHWATER']
Animalia,Rotifera,Eurotatoria,Bdelloidea,Habrotrochidae,Scepanotrocha,Scepanotrocha corniculata,['FRESHWATER']
Animalia,Rotifera,Eurotatoria,Bdelloidea,Philodinavidae,Philodinavus,Philodinavus paradoxus,['FRESHWATER']
Animalia,Rotifera,Eurotatoria,Collothecacea,Atrochidae,Cupelopagis,Cupelopagis vorax,[]
Animalia,Rotifera,Eurotatoria,Ploima,Lepadellidae,Lepadella,Lepadella ptilota,['FRESHWATER']
Animalia,Rotifera,Eurotatoria,Flosculariaceae,Trochosphaeridae,Filinia,Filinia camasecla,['FRESHWATER']
Animalia,Rotifera,Eurotatoria,Ploima,Lepadellidae,Squatinella,Squatinella microdactyla,['FRESHWATER']
Animalia,Rotifera,Eurotatoria,Bdelloidea,Philodinidae,Philodina,Philodina grandis,['FRESHWATER']
Animalia,Rotifera,Eurotatoria,Ploima,Lepadellidae,Lepadella,Lepadella akrobeles,['FRESHWATER']
Animalia,Rotifera,Eurotatoria,Bdelloidea,Philodinidae,Rotaria,Rotaria macroceros,[]
Animalia,Rotifera,Eurotatoria,Bdelloidea,Philodinidae,Macrotrachela,Macrotrachela pacifica,['FRESHWATER']
Animalia,Rotifera,Eurotatoria,Bdelloidea,Habrotrochidae,Habrotrocha,Habrotrocha flexicollis,['FRESHWATER']
Animalia,Rotifera,Eurotatoria,Ploima,Lepadellidae,Lepadella,Lepadella costatoides,['FRESHWATER']
Animalia,Rotifera,Eurotatoria,Ploima,Lepadellidae,Squatinella,Squatinella lamellaris,[]
Animalia,Rotifera,Eurotatoria,Bdelloidea,Habrotrochidae,Habrotrocha,Habrotrocha ligula,['FRESHWATER']
Animalia,Rotifera,Eurotatoria,Ploima,Lepadellidae,Lepadella,Lepadella ehrenbergii,['FRESHWATER']
Animalia,Rotifera,Eurotatoria,Ploima,Gastropodidae,Gastropus,Gastropus stylifer,[]
Animalia,Rotifera,Eurotatoria,Ploima,Lepadellidae,Lepadella,Lepadella dactyliseta,[]
Animalia,Rotifera,Eurotatoria,Bdelloidea,Habrotrochidae,Otostephanos,Otostephanos torquatus,['FRESHWATER']
Animalia,Rotifera,Eurotatoria,Ploima,Lepadellidae,Lepadella,Lepadella rhomboides,['FRESHWATER']
Animalia,Rotifera,Eurotatoria,Ploima,Lepadellidae,Lepadella,Lepadella kostei,['FRESHWATER']
Animalia,Rotifera,Eurotatoria,Bdelloidea,Philodinidae,Rotaria,Rotaria tridens,[]
Animalia,Rotifera,Eurotatoria,Bdelloidea,Habrotrochidae,Habrotrocha,Habrotrocha flava,['FRESHWATER']
Animalia,Rotifera,Eurotatoria,Ploima,Dicranophoridae,Pedipartia,Pedipartia gracilis,['FRESHWATER']
Animalia,Rotifera,Eurotatoria,Bdelloidea,Philodinidae,Macrotrachela,Macrotrachela libera,['FRESHWATER']
Animalia,Rotifera,Eurotatoria,Flosculariaceae,Hexarthridae,Hexarthra,Hexarthra bulgarica,['FRESHWATER']
Animalia,Rotifera,Eurotatoria,Ploima,Lepadellidae,Lepadella,Lepadella discoidea,['FRESHWATER']
Animalia,Rotifera,Eurotatoria,Flosculariaceae,Flosculariidae,Beauchampia,Beauchampia crucigera,[]
Animalia,Rotifera,Eurotatoria,Collothecacea,Collothecidae,Collotheca,Collotheca edentata,['FRESHWATER']
Animalia,Rotifera,Eurotatoria,Bdelloidea,Philodinidae,Rotaria,Rotaria trisecata,['FRESHWATER']
Animalia,Rotifera,Eurotatoria,Bdelloidea,Philodinidae,Rotaria,Rotaria rotatoria,[]
Animalia,Rotifera,Eurotatoria,Flosculariaceae,Flosculariidae,Ptygura,Ptygura melicerta,[]
Animalia,Rotifera,Eurotatoria,Flosculariaceae,Conochilidae,Conochilus,Conochilus unicornis,[]
Animalia,Rotifera,Eurotatoria,Ploima,Dicranophoridae,Balatro,Balatro aciliatus,['FRESHWATER']
Animalia,Rotifera,Eurotatoria,Flosculariaceae,Trochosphaeridae,Filinia,Filinia australiensis,['FRESHWATER']
Animalia,Rotifera,Eurotatoria,Bdelloidea,Philodinidae,Pleuretra,Pleuretra brycei,['FRESHWATER']
Animalia,Rotifera,Eurotatoria,Bdelloidea,Philodinidae,Rotaria,Rotaria rotatoria,[]
Animalia,Rotifera,Eurotatoria,Flosculariaceae,Testudinellidae,Testudinella,Testudinella parva,[]
Animalia,Rotifera,Eurotatoria,Ploima,Dicranophoridae,Dicranophorus,Dicranophorus forcipatus,[]
Animalia,Rotifera,Eurotatoria,Bdelloidea,Habrotrochidae,Habrotrocha,Habrotrocha tridens,['FRESHWATER']
Animalia,Rotifera,Eurotatoria,Bdelloidea,Habrotrochidae,Scepanotrocha,Scepanotrocha simplex,['FRESHWATER']
Animalia,Rotifera,Eurotatoria,Flosculariaceae,Flosculariidae,Ptygura,Ptygura velata,['FRESHWATER']
Animalia,Rotifera,Eurotatoria,Flosculariaceae,Flosculariidae,Ptygura,Ptygura melicerta,['FRESHWATER']
Animalia,Rotifera,Eurotatoria,Bdelloidea,Philodinidae,Philodina,Philodina calceata,['FRESHWATER']
Animalia,Rotifera,Eurotatoria,Bdelloidea,Philodinidae,Macrotrachela,Macrotrachela mariae,['FRESHWATER']
Animalia,Rotifera,Eurotatoria,Bdelloidea,Habrotrochidae,Otostephanos,Otostephanos regalis,['FRESHWATER']
Animalia,Rotifera,Eurotatoria,Bdelloidea,Philodinidae,Philodina,Philodina childi,['FRESHWATER']
Animalia,Rotifera,Eurotatoria,Ploima,Dicranophoridae,Parencentrum,Parencentrum lutetiae,['FRESHWATER']
Animalia,Rotifera,Eurotatoria,Ploima,Lepadellidae,Lepadella,Lepadella sali,['FRESHWATER']
Animalia,Rotifera,Eurotatoria,Collothecacea,Collothecidae,Collotheca,Collotheca calva,[]
Animalia,Rotifera,Eurotatoria,Bdelloidea,Philodinidae,Macrotrachela,Macrotrachela quadricornifera,['FRESHWATER']
Animalia,Rotifera,Eurotatoria,Flosculariaceae,Flosculariidae,Ptygura,Ptygura cristata,['FRESHWATER']
Animalia,Rotifera,Eurotatoria,Bdelloidea,Habrotrochidae,Habrotrocha,Habrotrocha solida,['FRESHWATER']
Animalia,Rotifera,Eurotatoria,Flosculariaceae,Flosculariidae,Ptygura,Ptygura agassizi,['FRESHWATER']
Animalia,Rotifera,Eurotatoria,Collothecacea,Collothecidae,Collotheca,Collotheca ornata,['FRESHWATER']
Animalia,Rotifera,Eurotatoria,Bdelloidea,Adinetidae,Adineta,Adineta elongata,['FRESHWATER']
Animalia,Rotifera,Eurotatoria,Collothecacea,Collothecidae,Collotheca,Collotheca libera,['FRESHWATER']
Animalia,Rotifera,Eurotatoria,Ploima,Lepadellidae,Lepadella,Lepadella duvigneaudi,['FRESHWATER']
Animalia,Rotifera,Eurotatoria,Ploima,Lepadellidae,Lepadella,Lepadella chengalathi,['FRESHWATER']
Animalia,Rotifera,Eurotatoria,Flosculariaceae,Trochosphaeridae,Horaella,Horaella brehmi,['FRESHWATER']
Animalia,Rotifera,Eurotatoria,Flosculariaceae,Flosculariidae,Ptygura,Ptygura tacita,['FRESHWATER']
Animalia,Rotifera,Eurotatoria,Flosculariaceae,Flosculariidae,Ptygura,Ptygura wilsonii,['FRESHWATER']
Animalia,Rotifera,Eurotatoria,Ploima,Lepadellidae,Squatinella,Squatinella bifurca,['FRESHWATER']
Animalia,Rotifera,Eurotatoria,Collothecacea,Collothecidae,Collotheca,Collotheca tenuilobata,['FRESHWATER']
Animalia,Rotifera,Eurotatoria,Ploima,Lepadellidae,Lepadella,Lepadella biloba,['FRESHWATER']
Animalia,Rotifera,Eurotatoria,Bdelloidea,Philodinidae,Philodina,Philodina rapida,['FRESHWATER']
Animalia,Rotifera,Eurotatoria,Collothecacea,Collothecidae,Collotheca,Collotheca balatonica,['FRESHWATER']
Animalia,Rotifera,Eurotatoria,Bdelloidea,Philodinidae,Philodina,Philodina americana,['FRESHWATER']
Animalia,Rotifera,Eurotatoria,Flosculariaceae,Flosculariidae,Floscularia,Floscularia melicerta,[]
Animalia,Rotifera,Eurotatoria,Flosculariaceae,Flosculariidae,Floscularia,Floscularia melicerta,[]
Animalia,Rotifera,Eurotatoria,Bdelloidea,Philodinidae,Macrotrachela,Macrotrachela compacta,['FRESHWATER']
Animalia,Rotifera,Eurotatoria,Ploima,Lepadellidae,Lepadella,Lepadella koniari,[]
Animalia,Rotifera,Eurotatoria,Collothecacea,Collothecidae,Collotheca,Collotheca edmondsoni,['FRESHWATER']
Animalia,Rotifera,Eurotatoria,Ploima,Lepadellidae,Lepadella,Lepadella rottenburgi,['FRESHWATER']
Animalia,Rotifera,Eurotatoria,Flosculariaceae,Flosculariidae,Ptygura,Ptygura pilula,[]
Animalia,Rotifera,Eurotatoria,Bdelloidea,Philodinidae,Pleuretra,Pleuretra africana,['FRESHWATER']
Animalia,Rotifera,Eurotatoria,Bdelloidea,Philodinidae,Rotaria,Rotaria citrina,['FRESHWATER']
