name,locations,taxonomy_kingdom,taxonomy_phylum,taxonomy_class,taxonomy_order,taxonomy_family,taxonomy_genus,taxonomy_scientific_name,characteristics_prey,characteristics_name_of_young,characteristics_group_behavior,characteristics_estimated_population_size,characteristics_biggest_threat,characteristics_most_distinctive_feature,characteristics_other_name(s),characteristics_gestation_period,characteristics_habitat,characteristics_diet,characteristics_average_litter_size,characteristics_lifestyle,characteristics_common_name,characteristics_number_of_species,characteristics_location,characteristics_slogan,characteristics_group,characteristics_color,characteristics_skin_type,characteristics_top_speed,characteristics_lifespan,characteristics_weight,characteristics_length,characteristics_age_of_sexual_maturity,characteristics_age_of_weaning,characteristics_litter_size,characteristics_predators,characteristics_type,characteristics_height,characteristics_distinctive_feature,characteristics_temperament,characteristics_incubation_period,characteristics_average_clutch_size,characteristics_venomous,characteristics_aggression,characteristics_main_prey,characteristics_water_type,characteristics_age_of_independence,characteristics_nesting_location,characteristics_favorite_food,characteristics_origin,characteristics_migratory,characteristics_special_features,domesticos,protegidos,exoticos
Aesculapian snake,"['Asia', 'Europe']",Animalia,Chordata,Reptilia,Squamata,Colubridae,Zamenis,Zamenis longissimus,"Rodents, shrews, moles, birds, eggs, lizards, and insects",,,,,,,,,Carnivore,10 eggs,,Aesculapian snake,,,,,BlackOliveMulti-colored,,,25-30 years,,3-6.6 feet,,,,,,,,,,,No,Low,,,,,,,,,1,0,0
Agama Lizard,['Africa'],Animalia,Chordata,Reptilia,Squamata,Agamidae,Agama,,"Insects, reptiles, small mammals.",Hatchlings,Group,Unknown,Habitat loss,The bright blue or red colors of the dominant male.,Dragon lizards,8-10 weeks,"Forests, deserts, plains, and urban areas",Omnivore,,,Agama,,Sub-Saharan Africa,,,BrownBlueBlackWhiteGreen,Scales,,Up to 25 years,About 1kg (2lbs),12-30cm (5-12in),1-2 years,,5-7 eggs,"Snakes, birds, and small mammals",Lizards,,,,,,,,,,,,"Insects, reptiles, small mammals, flowers, grasses, and fruits",,,,1,0,0
Aldabra Giant Tortoise,['Ocean'],Animalia,Chordata,Reptilia,Testudines,Testudinidae,Geochelone,Geochelone gigantea,"Grasses, Leaves, Flowers",Hatchling,Herd,"200,000",Habitat loss,"Large, high-domed shell",Giant Tortoise,,Grasslands and swamps,Herbivore,,Diurnal,Aldabra Giant Tortoise,1.0,Aldabra atoll in the Indian Ocean,One got to be 255 years old!,Reptile,BrownBlackTan,Scales,0.3 mph,80 - 255 years,150kg - 250kg (330lbs - 550lbs),90cm - 120cm (3ft - 4ft),20 - 30 years,,,"Giant Crab, Humans, Cats",,,,,8 months,15.0,,,,,3 - 6 months,,,,,,1,0,0
Alligator,"['Asia', 'North-America', 'Ocean']",Animalia,Chordata,Reptilia,Crocodilia,Alligatoridae,Alligator,Alligator mississippiensis,"Fish, Snakes, Turtles",Hatchling,Solitary,1 million/less than 100,Water pollution,Muscular tail half the total body length,Gator,,Marsh and swampland,Carnivore,,Diurnal/Nocturnal,Alligator,2.0,southern USA and China,They have two sets of eyelids!,Reptile,BrownGreyYellowBlackGreen,Scales,15 mph,30 - 60 years,181kg - 363kg (400lbs - 800lbs),2.5cm - 4.5m (8ft - 15ft),10 - 12 years,,,"Human, Birds, Raccoon",,,,,2 months,35.0,,,,Brackish,1- 2 years,,,,,,1,0,0
Anaconda,['South-America'],Animalia,Chordata,Reptilia,Squamata,Boidae,Eunectes,"E. murinus, E. notaeus, E. deschauenseei, E. Beniensis","Rodents, medium sized mammals, fish, amphibians, reptiles",Hatchlings,,Unknown,"Poaching, habitat loss",Their tremendous weight and length,"Giant anaconda, common anaconda, common water boa, sucuri",6 months,"Swamps, river, heavy forest",Carnivore,,Nocturnal,Anaconda,4.0,South America,,,Olive-Grey,Scales,10 mph,,,,,,20-40,,Reptile,,,,,,,,,Saltwater,,,,,,,1,0,0
Anole Lizard,"['Central-America', 'North-America']",Animalia,Chordata,Reptilia,Squamata,Dactyloidae,Anolis,,Insects,hatchlings,,,Other reptiles,"On most species, the brightly colored dewlap on the neck of the males","American green anole, Carolina green anole, American anole, Carolina anole, North American green anole, red-throated anole, American Chameleon",,,Omnivore,,,Anole Lizard,,The Americas,,Territorial,BrownRedWhiteTanGreen,Scales,,2 - 7 years,,4 - 20 in.,18 months,,1 - 2 eggs,"Snakes , other Reptiles , Birds",Reptile,0.5 in. - 2 in.,,,,,,,,,,,,,,,1,0,0
Arafura File Snake,"['Asia', 'Oceania']",Animalia,Chordata,Reptilia,Squamata,Acrochordidae,Acrochordus,Acrochordus arafurae,Fish,,,,,,,,,Omnivore,10 to 27,,Elephant trunk snake,,,,,,,,10 years,,Fish,,,,,,,Gray with black splotches,,,,No,Low,,,,,,,,,1,0,0
Arizona Black Rattlesnake,['North-America'],Animalia,Chordata,Reptilia,Squamata,Viperidae,Crotalus,C. cerberus,"Lizards, amphibians, small mammals, and occasionally birds.",Neonate,Semi-socialCommunity-minded,,,,"Arizona black rattlesnake, black rattlesnake, black diamond rattlesnake, brown rattlesnake, Cerberus rattlesnake, mountain diamond-back; often called a timber rattlesnake.",,"Forests, leaf litter",Carnivore,,DiurnalSolitarySociableor Nocturnal Depending on Region and Season,,,,,,BrownGreyYellowFawnRedOlive-GreyGrey-Brown,Scales,,15-20 years,,2-4 feet,,,4-10,"Hawks, other snakes, coyotes, and other predators.",,,,Docile,,,Yes,Low,,,,,Small mammals,,,,1,0,0
Armadillo Lizard,['Africa'],Animalia,Chordata,Reptilia,Squamata,Cordylidae,Ouroborus,Ouroborus cataphractus,Mainly desert insects,Baby,Group,Unknown,Black market poaching,"Scaled, spiky shell","Armadillo girdled lizard, Golden-armadillo lizard, dragon armadillo lizard",Two months,South African deserts,Carnivore,,,Armadillo lizard,,Desert,,Squamata,YellowBlackDark BrownLight-Brown,Scales,-1 mph,"In captivity, 25 years",2.5–3.5 oz,Up to 3.75 inches,3 to 4 years,,1-2,Birds of prey,Reptile,,,,,,,,,,,,"Desert insects, scorpions, plants",,,,1,0,0
Aruba Rattlesnake,['South-America'],Animalia,Chordata,Reptilia,Squamata,Viperidae,Crotalus,C. unicolor,"small rodents, birds, and lizards",Neonates,,Unknown,Human encroachment,,,About four months,"Dry, rocky areas on the island",Carnivore,,Nocturnal/Crepuscular,,,Aruba,,,BrownGreyFawn,Scales,,,,2-3 feet,,,5-15,Birds of prey,,,,Mild-mannered,,,Yes,Low,,,,,,,,,1,0,0
Asian Vine Snake,['Asia'],Animalia,Chordata,Reptilia,Squmata,Colubridae,Ahaetulla,Ahaetulla prasina,"Frogs, lizards, insects, small birds",Neonate or snakelets,,Unknown,None,Pencil-thin body,"Gunther’s whip snake, Oriental whip snake, and Boie’s whip snake",,,Carnivore,,,Asian vine snake,,,,,YellowBlueGreen,Scales,,5 - 12 years,,2.5 - 5 feet,,,,,,,Their head is spear-shaped and pointed,,,,Yes,Low,Frogs,,,,,,,,1,0,0
Asp,['Europe'],Animalia,Chordata,Reptilia,Squamata,Viperidae,Vipera,Vipera aspis,"Rodents, birds, lizards",,,,,,,,,Omnivore,,,European asp,,,,,BrownGreyOrange,,,15 to 20 years,,2 to 3 feet,,,5 to 12,,,,,,,,,,,,,,,,,,1,0,0
Australian Gecko,['Oceania'],Animalia,Chordata,Reptilia,Squamata,,,,"Insects, smaller lizards, invertebrates",Hatchling,Solitary/Group,Millions. Conservation status of many of these geckos is least concern.,Illegal pet trade,"The ability to climb up just about anything, including glass.","Moon lizard, Tayoto, nactus, dtella, chichak",30 to 80 days,,Omnivore,,,Australian gecko,,Australia,,,GreyYellowGreenOrangePink,Skin,,Five to 15 years,1.6 to 2.82 ounces,0.64 to 6 inches,One to two years,,One or two eggs,,Reptile,,,,,,,,,,,,,,,,1,0,0
Ball Python,['Africa'],Animalia,Chordata,Reptilia,Squamata,Pythonidae,Python,P. regius,,,,,,,,,,Carnivore,,,ball python,,,,,,,,30 years,,6 feet,,,11 eggs,,,,,,,,,,,,,,,,,,1,0,0
Banana Ball Python,['Africa'],Animalia,Chordata,Reptilia,Squamata,Pythonidae,Python,Python regius,,,,,,,,,,Carnivore,,,banana python,,,,,YellowTanOrange,Scales,,20-30 years,,"four feet (female), 2.5 feet (male)",,,four to 10,,reptile,,,,,,,,,,,,,,,,1,0,0
Banded Water Snake,['North-America'],Animalia,Chordata,Reptilia,Squamata,Colubridae,Nerodia,Nerodia fasciata,"Frogs, fish and birds",,,,,,,,,Omnivore,,,water snake,,,,,BrownGreyRedOlive,Scales,,Three years in captivity; eight in the wild,,two to five feet,,,8–40,,reptile,,,,,,,,,,,,,,,,1,0,0
Basilisk Lizard,"['Central-America', 'South-America']",Animalia,Chordata,Reptilia,Squamata,Corytophanidae,Basiliscus,,"Insects, small lizards and mammals, spiders, snails, crawfish.",Hatchlings,Solitary,,Pollution and habitat destruction.,Bright colors and whip-like tail.,"Common basilisk lizard, western basilisk lizard, red-headed basilisk lizard, plumed basilisk lizard, green basilisk lizard, double-crested basilisk lizard, brown basilisk lizard, striped basilisk lizard.",8-10 weeks,Tropical rainforests,Carnivore,,,Basilisk,4.0,South America,,Solitary,BrownYellowRedBlueBlackGreen,Scales,15 mph,7 years,4.8 – 13+ ounces,2.5 feet,10-15 months,,20 eggs,"Large birds, snakes, fish, quetzals, other reptiles, nocturnal mammals.",Reptile,,,,,,,,,,,,,,,,1,0,0
Bearded Dragon,['Oceania'],Animalia,Chordata,Reptilia,Squamata,Agamidae,Pogona,Pogona Vitticeps,,,,,,,,,Arid forest and desert,Omnivore,15,Solitary,,,,Can grow to up 24 inches long!,,BrownGreyYellowGreen,Scales,25 mph,6 - 15 years,250g - 510g (9oz - 18oz),50cm - 61cm (20in - 24in),,,,"Birds, Snakes, Crocodiles",Reptile,,Pronounced beard when scared and morphs skin colour,,,,,,"Insects, Mice, Leaves",,,,Insects,,,,1,0,0
Black Mamba,['Africa'],Animalia,Chordata,Reptilia,Squamata,Elapidae,Dendroaspis,D. polylepis,"Bush babies, hyraxes, birds and their young, mammals, occasionally other snakes.",Hatchlings,Solitary,,,The inside of a black mamba's mouth is black.,,,,Carnivore,,Diurnal,,,,,,BrownGreyOlive,Scales,20 mph,"Captive specimens have lived 11 years, but unknown in the wild.",,6-9.5 feet long with a few reports of specimens reaching 14 feet.,,,,"Secretary birds, brown snake eagles, tawny eagles, and other birds of prey; honey badgers, mongooses, and Nile crocodiles.",,,,"Skittish, and prone to strike out of fear.",,,,,Birds and their young,,,,,,,,1,0,0
Black Rat Snake,['North-America'],Animalia,Chordata,Reptilia,Squamata,Colubridae,Pantheropis,Pantheropis obsoletus,"Mice, frogs, birds, eggs",,,"100,000",,Adults have shiny black scales on its back along with a gray or tan belly in a checkered pattern and white on their chin and neck,Western rat snake and the pilot black snake,,"Farmlands, rocky areas of land, hillsides, and forests",Carnivore,,,Black Rat Snake,,,,,BrownGreyBlackWhite,Scales,,,,3.5 - 8 feet,,,,,,,Thick powerful bodies,,,,No,Low,,,,,,,,,1,0,0
Blue Belly Lizard,"['Central-America', 'North-America']",Animalia,Chordata,Reptilia,Squamata,Phyrnosomatidae,Sceloporus,Sceloporus occidentalis,"Spiders, insects, and other lizards",hatchling,Solitary,,habitat loss,The blue-colored abdomen,Western fence lizard,3-6 weeks,"Grasslands, forests, farmlands, and plains",Carnivore,,,Blue Belly Lizard,1.0,Western United States,,,BrownGreyYellowBlueBlack,Scales,,5-7 years,1 ounce,4.3-8.3 inches,1.5-2 years,,,"Coyotes, snakes, bobcats, and hawks",reptile,< 1 inch,,,,13.0,,,,,,,,,,,1,0,0
Blue Iguana,['Central-America'],Animalia,Chordata,Reptilia,Squamata,Iguanidae,Cyclura,Cyclura lewisi,,,,,,,,,,Omnivore,,,,,,,,,,,,,,,,,,,,,,,,,,,,,,,,,,1,0,0
Boiga,"['Asia', 'Oceania']",Animalia,Chordata,Reptilia,Squamata,Colubridae,Boiga,Boiga,"Rodents, lizards",,,,,,,,,Carnivore,10 to 20,,Cat snake,,,,,BlackGold,,,12 to 15 years,,2 to 3 feet,,,,,,,,,,,Yes,Low,,,,,,,,,1,0,0
Boomslang,['Africa'],Animalia,Chordata,Reptilia,Squamata,Colubridae,Dispholidus,Dispholidus typus,"Reptiles, frogs, birds, eggs, and small mammals",,,,,,,,,Omnivore,,,Boomslang,,,,,BrownGreen,,,8-9 years in captivity,,,,, 8-27 eggs,,,,,,,,,,,,,,,,,,1,0,0
Brookesia Micra,['Africa'],Animalia,Chordata,Reptilia,Squamata,Chamaeleonidae,Brookesia,Brookesia micra,insects,hatchling,Solitary,"70,000 to 95,000",Habitat destruction,Its tiny size.,"Nosy Hara leaf chameleon, leaf chameleon, stump-tailed chameleon",Three months,dry forest,Carnivore,,,,1.0,Madagascar,,solitary,BrownOrange,Scales,,"10 years in captivity, unknown in the wild",Only 0.006 to 0.0074 ounces,1.1 inches,,,1-2 hatchlings,"Birds, frogs, small mammals, larger chameleons",reptile,,,,,,,,,,,,,,,,1,0,0
Brown Snake,['Oceania'],Animalia,Chordata,Reptilia,Squamata,Elapidae,Pseudonaja,Pseudonaja textilis,,,,,,,,,,Carnivore,Five to as many as 38,,"Brown snake, dugite, gwardar, common brown snake",,,,,Brown,,,Up to 15 years in captivity,,1.64 to 6.5 feet,,,,,,,"Shades of brown, black, yellow, orange with mottling or bands",,,,,,,,,,"Reptiles, including conspecifics, reptile eggs, amphibians, rats, mice, birds",,,,1,0,0
Brown Water Snake,['North-America'],Animalia,Chordata,Reptilia,Squamata,Colubridae,Nerodia,Nerodia taxispilota,fish,,,,,,"water rattle, southern water snake, pied water snake, greater water snake, water-pilot, aspic, and false moccasin",,,Omnivore,,,"Brown water snake, brown watersnake",,,,,Brown,Scales,,Up to 9 years in captivity,,3.5 to 6 feet,,,"Up to 61, but typically 20-30",,reptile,,,,,,,,,,,,,,,,1,0,0
Bullsnake,"['Central-America', 'North-America']",Animalia,Chordata,Reptilia,Squamata,Colubridae,Pituophis,Pituophis catenifer sayi,"Small mammals, birds, bird’s eggs, frogs, lizards",,,,,,,,,Omnivore,,,Bullsnake,,,,,BrownYellowRedBlackCreamBeige,Scales,,Lifespan of about 12 years in the wild and up to 30 in captivity,,4 to as long as 8 feet,,,Two to 24,,,,,,,,No,Medium,,,,,,,,,1,0,0
Bushmaster Snake,"['Central-America', 'South-America']",Animalia,Chordata,Reptilia,Squamata,Viperidae,Lachesis,Lachesis acrochorda,"Small mammals, reptiles, birds, amphibians",,,,,,,,,Omnivore,,,bushmaster,,,,,BrownRedTanOrangePink,Scales,,12 to 24 years,,6.6 to as much as 13 feet,,,Five to 19 eggs,,reptile,,,,,,,,,,,,,,,,1,0,0
Caiman,"['Central-America', 'South-America']",Animalia,Chordata,Reptilia,Crocodilia,Alligatoridae,Caimaninae,"Caiman crocodilus, Melanosuchus niger, Caiman yacare, Paleosuchus palpebrosus, Paleosuchus trigonatus, Caiman latirostris","Fish, crustaceans, waterfowl, capybara",Hatchling,Social,Unknown,Habitat loss and hunting,Eyes and nostrils located on top of the head and snout,"Spectacled Caiman, Black Caiman, Yacare Caiman, Cuvier's Dwarf Caiman, Smooth-Fronted Caiman, Broad-Snouted Caiman",,"Rivers, lakes and swampland",Carnivore,,Nocturnal,Caiman,6.0,Central and South America,Can grow to up 6 meters long!,Reptile,BrownGreyBlackDull Olive,Plate-like scales,25 mph,20 - 40 years,6kg - 300kg (13lbs - 660lbs),1.5m - 6m (4.9ft - 19.7ft),4 - 10 years,,,"Jaguars, wild pigs, birds of prey",,,,,3 months,,,,,,1 - 2 years,,,,,,1,0,0
Caiman Lizard,['South-America'],Animalia,Chordata,Reptilia,Squamata,Teiidae,Dracaena,,"snails, insects, freshwater clams, fish, amphibians, rodents",hatchling,Largely solitary,unknown,habitat loss,large crocodile-like scales,"Dracaena lizard, water tegu",,"forest, wetlands, flooded woodlands, savanna",Carnivore,,,"Northern Caiman lizard, Paraguay Caiman lizard",2.0,South America,,,GreyRedTanGreenOrange,Scales,,8-12+ years,3.6kg-5.4kg (8lbs-12lbs),0.6m-1.2m (2ft-4ft),,,5-7,"crocodiles, snakes, jaguars",reptile,,,,,,,,,,,,,,,,1,0,0
Cantil,['Central-America'],Animalia,Chordata,Reptilia,Squamata,Viperidae,Agkistrodon,"A. bilineatus, A. howardgloydi, A. russeolus, A. taylori",,,,,,,,,,Carnivore,1-21,,"Common cantil, Taylor’s cantil, Yucatecan cantil, Gloyd's, or southern cantil",,,,,BrownYellowBlackWhiteOrange,,,Five to 10 years,,25.2 to 41 inches,,,,,,,,,,,Yes,Medium,,,,,,,,,1,0,0
Carpet Python,['Oceania'],Animalia,Chordata,Reptilia,Squamata,Boidae,Morelia,Morelia spilota,"Birds, mammals",,,,,,,,,Omnivore,Up to 18 eggs,,Python,,,,,BrownYellowBlack,,,20 years +,,12 feet,,,,,,,,,,,,,,,,,,,,,1,0,0
Carpet Viper,"['Africa', 'Asia']",Animalia,Chordata,Reptilia,Squamata,Viperidae,Echis,,"Insects, slugs, worms, scorpions, reptiles, amphibians, birds and small mammals.",,Solitary,,,,,,,Carnivore,,,"Carpet viper, saw-scaled viper and others",,,,,BrownGreyDark BrownOrangeLight-Brown,Scales,,About 24 years,,12 to 35 inches,,,3 to 23,,,,,,,,,,,,,,,,,,1,0,0
Cascabel,"['Central-America', 'South-America']",Animalia,Chordata,Reptilia,Squamata,Viperidae,Crotalus,Crotalus durissus,"small rodents, lizards, birds",neonate,Solitary,,,,"South American rattlesnake, tropical rattlesnake, neotropical rattlesnake",,,Carnivore,,NocturnalCrepuscular, South American rattlesnake,6.0,,,,BrownGreyBlackDark Grey,Scales,,10 to 25 years,, 4.9 to 6.2 feet,,,Four to 14,,,,"Diamond pattern, bars and stripes on the head and neck",,,,Yes,Low,,,,,,,,,1,0,0
Cat-Eyed Snake,"['Central-America', 'North-America', 'South-America']",Animalia,Chordata,Reptilia,Squamata,Colubridae,Leptodeira,Leptodeira annulata,"Frogs, lizards, salamanders, fish, and rodents",,,Unknown,Habitat destruction and deforestation,Huge eyes in relation to body size with vertical pupils that resemble a cat's,,,"Grasslands, scrublands, and rainforests throughout the Americas",Carnivore,,,Cat-eyed snake,,,,,BrownGoldOrange,Scales,,Unknown,,Up to five feet stretched out,,,,,,,Blotches or saddle patterns along the back,,,,Yes,Low,,,,,,,,,1,0,0
Chameleon,"['Africa', 'Asia']",Animalia,Chordata,Reptilia,Squamata,Chamaeleonidae,,Chamaeleonidae,,,,,,,,,Tropical forests and desert,Omnivore,,Solitary,,,,There are more than 160 different species!,,BrownYellowRedBlackTanGreen,Scales,21 mph,4 - 8 years,0.01kg - 2kg (0.02lbs - 4.4lbs),2.8cm - 68.5cm (1.1in - 27in),,,,,Reptile,,Exceptional vision and ability to change skin colour,,,20.0,,,"Insects, Snails, Leaves",,,,Insects,,,,1,0,0
Chicken Snake,"['Central-America', 'South-America']",Animalia,Chordata,Reptilia,Squamata,Colubridae,Spilotes,Spilotes pullatus,,,,,,,,,,Carnivore,12 to 18,,"Chicken snake, caninana, tiger rat snake, serpiente tigre, clibo",,,,,YellowBlackMulti-colored,,,10 to 18 years,,4 to 7 feet,,,,,,,,,,,No,Medium,,,,,,,,,1,0,0
Chinese Alligator,['Asia'],Animalia,Chordata,Reptilia,Crocodilia,Alligatoridae,Alligator,Aliigator sinensis,"Small mammals, water birds, fish, aquatic mollusks; hatchlings eat insects, spiders and other invertebrates.",Hatchling,Sociable,"150, maybe even less than 100; conservation status critically endangered",Humans,Osteoderms on its belly,"China alligator, muddy dragon, Yow Lung, T’o, Yangtze alligator",Females gravid for a little over a month,"Subtropical wetlands, rivers, streams, lakes, ponds and swamps",Carnivore,,,Chinese alligator,1.0,"Yangtze River basin, China",,Congregation,GreyYellowBlack,Boney Plates,35 mph,50 years,80-100 pounds,"4.59-7 feet, males are larger",4-5 years,,10-40 hatchlings,Humans,Reptile,,,,,,,,,Fresh,,,,,,,1,0,0
Coachwhip Snake,"['Central-America', 'North-America', 'South-America']",Animalia,Chordata,Reptilia,Squamata,Colubridae,Masticophis,Masticophis flagellum,"Rodents, bird, insects, amphibians, and lizards",,,,,,,,,Omnivore,4-24 eggs,,Coachwhip,,,,,,,,10-20 years,,3-8 feet,,,,,,,,,,,No,Low,,,,,,,,Dark head progressing to a light tan or white tail,1,0,0
Collett’s Snake,['Oceania'],Animalia,Chordata,Reptilia,Squamata,Elapidae,Pseudechis,Pseudechis colletti,"Amphibians, reptiles, small mammals, and other Collett’s snakes.",,,,,,,,,Omnivore,20,,Collett’s black snake or Down's tiger snake,,,,,YellowBlackDark BrownCreamOrangePink,,,,,5.9 to 7.2 feet,,,,,,,,,,,Yes,Low,,,,,,,,,1,0,0
Common European Adder,"['Asia', 'Eurasia', 'Europe']",Animalia,Chordata,Reptilia,Squamata,Viperidae,Vipera,V. berus,"Small mammals, lizards, amphibians, and sometimes bird eggs.",,Solitary,,Predators during its hibernation,"Dark zigzag pattern down the length of the back, and V or X shaped marking on their head.","Common European viper, European viper, adder, common adder, common viper, crossed viper, European adder, European common viper, northern viper, cross adder, hogorm, hoggorm, kyykäärme, hugorm",,"Forest edges, countryside, river banks",Carnivore,,Diurnalor Nocturnal Depending on Region and Seasonterrestrial,"Common adder, black adder, European adder",,,,,BrownGreyBlackTanBlack-Brown,Scales,,10-15 years,,24-36 inches,,,3-20,"Birds of prey, carnivorous mammals",,,,Timid,,,Yes,Low,"Small mammals such as mice, shrews, and rats.",,,,,,,,1,0,0
Copperhead,"['Central-America', 'North-America']",Animalia,Chordata,Reptilia,Squamata,Viperidae,Agkistrodon,Agkistrodon contortrix,"Insects, lizards, mice, voles, shrews, snakes, small turtles, salamanders, frogs, small birds, baby squirrels, rabbits and opossums, chipmunks, bats, moles, carrion",,,,,,,,,Carnivore,,,"Copperhead, rattlesnake pilot, thunder snake, moccasin, highland or dry-land moccasin",,,,,TanDark BrownPinkLight-Brown,Scales,,Lifespan of 15 to 29 years,,,,,One to 21,,,,,,,,,,,,,,,,,,1,0,0
Coral Snake,"['Asia', 'Central-America', 'North-America', 'Oceania', 'South-America']",Animalia,Chordata,Reptilia,Squamata,Elapidae,Various,Various,"Mainly other snakes, but also small mammals.",Hatchling,Solitary,,Human encroachment,,,,"Forests, jungles, some aquatic",Carnivore,,Nocturnal,coral snake,78.0,,,,YellowRedBlueBlackWhite,Scales,,,,"Most are 2-3 feet long, but a few species reach almost 6 feet.",,,2-7,,,,,,,,,,,,,,,,,,1,0,0
Corn Snake,['North-America'],Animalia,Chordata,Reptilia,Squamata,Colubridae,Pantherophis,P. guttatus,"Rats, mice, baby birds, eggs",Hatchling,Solitary,,,"Shield pattern on their back, and","Red cornsnake, chicken snake, red rat snake, eastern corn snake.",,"Forested areas, fields, swamps, hardwood hammocks, neighborhoods bordering habitat.",Carnivore,,Diurnalor Nocturnal Depending on Region and Season,"Corn snake, red rat snake, eastern red rat snake, Slowinski's rat snake, .",2.0,,,,BrownGreyRedBeigeLight-Brown,Scales,,"15 years in captivity, less in the wild",,,,,10-30,"Birds of prey, other carnivores, some snakes, coyotes, cats.",,,,Relatively docile,,,,,Rats and mice,,,,Rats and mice,,,,1,0,0
Death Adder,['Oceania'],Animalia,Chordata,Reptilia,Squamata,Elapidae,Acanthopis,Acanthopis antarcticus,"Birds, small mammals",,,,,,,,,Omnivore,3-30+,,Death Adder,,,,,BrownRedBlack,,,Up to 15 years,,,,,,,,,"Black, brown and red bands",,,,,,,,,,,,,,1,0,0
Draco Volans Lizard,['Asia'],Animalia,Chordata,Reptilia,Squamata,Agamidae,Draco,Draco volans,"Insects, especially ants and termites",Hatchling,Solitary,Unknown but conservation status is Least Concern.,"Predators such as birds of prey, larger reptiles, pet trade","Its “wings,” a patagium spread supported by ribs","Flying lizard, gliding lizard",Eggs hatch in 32 days,Second growth forest,Carnivore,,,Common flying dragon,,"Southeast Asia, south India, Philippines",,,YellowBlueTan,Scales,17 mph,Eight years,0.73 ounces,"7.7 to 8.7 inches, females larger",Unknown,,Five,"Birds of prey, larger lizards, tree snakes",Reptile,,,,,,,,,,,,,,,,1,0,0
Eastern Brown Snake,['Oceania'],Animalia,Chordata,Reptilia,Squamata,Elapidae,Pseudonaja,Pseudonaja textilis,Rodents,,,,,,,,,Carnivore,10 to 35,,Common brown snake,,,,,Brown,,,10 to 20 years,,5 to 7 feet,,,,,,,,,,,Yes,High,,,,,,,,,1,0,0
Eastern Diamondback Rattlesnake,['North-America'],Animalia,Chordata,Reptilia,Squamata,Viperidae,Crotalus,C. adamanteus,"rats, mice, rabbits, squirrels, and sometimes birds.",Neonate,Solitary,,,Their rattle.,"Diamond-backed rattlesnake, eastern diamondback, diamond rattlesnake, diamond-back rattlesnake, common rattlesnake, diamond-back, diamond-patch rattler, eastern diamond-back, eastern diamond rattlesnake, Florida diamond-back (rattlesnake), Florida rattlesnake, lozenge-spotted rattlesnake, rattler, rattlesnake, southeastern diamond-backed rattlesnake, southeastern diamond-backed rattler, southern woodland rattler, water rattle, water rattlesnake, and diamondback rattlesnake.",6-7 months,,Carnivore,,CrepuscularDiurnal/NocturnalNocturnal/Crepuscularor Nocturnal Depending on Region and Season,Eastern diamondback,,,,,BrownGreyBlackWhiteTan,Scales,,15-20+ years,,2-8 feet,,,7-21,"Indigo snakes, king snakes, hawks, coyotes, weasels.",,,,"A little prickly, but reclusive.",,,Yes,Medium,Small mammals,,A few hours,,Rabbits,,,,1,0,0
Eastern Fence Lizard,"['Central-America', 'North-America']",Animalia,Chordata,Reptilia,Squamata,Phyrnosomatidae,Sceloporus,Sceloporus undulatas,"insects, arachnids, and arthropods",hatchling,Solitary,"over 1,000,000",habitat loss,"spiny scales, wavelike markings","fence lizard, plateau lizard, prairie lizard",8-10 weeks,"forest, grassland, and shrublands",Carnivore,,Diurnal,Eastern fence lizard,7.0,"parts of the United States, Mexico",,lounge,BrownGreyBlueBlack,Scales,,2-5 years,15g,4-7 inches,1-2 years,,3-16,"snakes, birds, larger lizards, cats",reptile,,,,,,,,,,,,,,,,1,0,0
Eastern Glass Lizard,['North-America'],Animalia,Chordata,Reptilia,Squamata,Anguidae,Ophisaurus,Ophisaurus ventralis,"Lizards, snakes, mice, invertebrates such as insects, spiders, earthworms and snails as well as each other.",Hatchling,Solitary,,"Habitat destruction, vehicular accidents",Lack of legs even though it’s a lizard and not a snake," Joint snake, stinging snake, horn snake",50 to 60 days,"Wet areas, including places near marshes, forests near the ocean, wet meadows, mesic semi-tropical or tropical hammocks, coastal dunes",Carnivore,,,Eastern glass lizard,1.0,Southeastern United States,,solitary,BrownYellowBlackWhiteGreen,Scales,4 mph,Lifespan of 10 to 30 years,11 to 21 ounces,18 to 43 inches,Two to three years,,Five to 15 eggs,"Foxes, skunks, birds of prey, snakes and raccoons",reptile,,,,,,,,,,,,,,,,1,0,0
Eastern Indigo Snake,['North-America'],Animalia,Chordata,Reptilia,Squamata,Colubridae,Drymarchon,Drymarchon couperi,"Arthropods, snakes, birds, lizards, rodents",Hatchlings,,,Habitat loss,Blue-black scales that are Iridescent purple in the light,"Gulf Coast Indigo Snake, Indigo Snake, Racer",,,Carnivore,,Diurnal,,,Southeastern United States,,,RedBlueBlackCreamOrangePurple,Scales,,,Up to 11 pounds,Up to 8.5 feet,,,4-12,,Reptile,,,,,,,,,,,,"Venomous snakes, lizards, turtles, small mammals.",,,,1,0,0
Eastern Rat snake,['North-America'],Animalia,Chordata,Reptilia,Squamata,Colubridae,Pantherophis,Pantherophis alleghaniensis,"Rodents, eggs, birds",,,,,,,,,Carnivore,,,"Eastern rat snake, black rat snake, chicken snake",,,,,GreyYellowBlackTanOrange,Scales,,10-15 years,,36 to 72 inches,,,12-20,,,,,,,,,,,,,,,,,,1,0,0
Egyptian Cobra,['Africa'],Animalia,Chordata,Reptilia,squamata,Elapidae,Naja,Naja haje,"Toads, small mammals, birds, eggs, lizards, other snakes",,,,,,,,,Carnivore,,,,,,,,,Scales,,20-30 years,Up to 20 lbs,Up to 8 feet,,,,,Reptile,,,,,,,,,,,,"Toads, small mammals, birds, eggs, lizards, other snakes",,,,1,0,0
Emerald Tree Monitor,"['Asia', 'Oceania']",Animalia,Chordata,Reptilia,Squamata,Varanidae,Varanus,Varanus prasinus,"Insects, invertebrates, rodents",hatchling,Social,,"Poaching, habitat loss","long, prehensile tail",Green tree monitor,165 days,Tropical rainforests,Carnivore,,,emerald tree monitor,8.0,Indonesia,,lounge,Green,Scales,22 mph,10 to 15 years,11 ounces,three feet,two years,three months,three to seven,,reptile,,,,,,,,,,,,,,,,1,0,0
Eyelash Viper,"['Central-America', 'South-America']",Animalia,Chordata,Reptilia,Squamata,Viperidae,Bothriechis,Bothriechis schlegelii,"Small birds, lizards, frogs, small rodents.",,,,,,,,,Omnivore,,,"Eyelash viper, eyelash pit viper, eyelash palm viper, eyelash snake, eyelash lancehead, eyelash mountain viper, horned palm viper.",,,,,BrownYellowRedBlueBlackGreenPink,Scales,,Up to 10 years,,22 – 32 inches,,,2-20,,,,,,,,Yes,Low,,,,,,,,,1,0,0
Fer-de-lance Snake,"['Central-America', 'Europe', 'South-America']",Animalia,Chordata,Reptilia,Squamata,Viperidae,Bothrops,"B. asper, B. atrox, B. lanceolatus","Centipedes, beetles, grasshoppers, crayfish, eels, common possum, Brazilian cottontail",,Solitary,,,,,,,Carnivore,5 to 86,Nocturnal,Fer-de-Lance,,,,,BrownGreyGreenOlive,Scales,,6.5 to 21 years,13lb,1.2 to 1.8 meters (3.9 to 5.9 ft),,,,Goliath birdeater spiders,,,"Dark splotches on brown, olive, gray, rust, green or gray ground",,,,Yes,High,,,,,,,,,1,0,0
Fierce Snake,['Oceania'],Animalia,Chordata,Reptilia,Squamata,Elapidae,Oxyuranus,Oxyuranus microlepidotus,Rats and other small mammals,,,,,,,,,Carnivore,12-24,,Inland taipan,,,,,BrownBlack,,,10-15 years,,5 feet,,,,King brown snake,,,,,,,Yes,Low,,,,,,,,,1,0,0
Flying Snake,['Asia'],Animalia,Chordata,Reptilia,Squamata,Colubridae,Chrysopelea,Chrysopelea ornata," Rodents, bats, birds, and their eggs, frogs, smaller snakes and lizards","Hatchlings, snakelets",,,,,,,In the forests and jungles of western India and east to Indonesia,Omnivore,,,,8.0,,,,RedBlackGoldGreen,Scales,,10 years,1.2 to 2 pounds,2 to 4 feet,,,,,,,,,,,,Medium,,,,,,,,,1,0,0
Fox Snakes,['North-America'],Animalia,Chordata,Reptilia,Squamata,Colubridae,Pantherophis,P. vulpinus and P. ramspotti,"Mice, rats, young rabbits, ground-nesting birds and sometimes their eggs, frogs, lizards",Hatchling,Solitary,,"Mistaken identity, roads",Copper or bronze-colored head,,,,Carnivore,,Diurnalor Nocturnal Depending on Region and Season,Fox snake,-1.0,,,,BrownGreyBeigeChestnut,Scales,,approximately 20 years,,,,,6-30,"Foxes, coyotes, hawks.",,,Strongly patterned alternating blotches down the length of their spine.,"Shy, but generally docile.",,,,,Mice and birds,,,,Mice,,,,1,0,0
Freshwater Crocodile,['Oceania'],Animalia,Chordata,Reptilia,Crocodilia,Crocodylidae,Crocodylus,Crocodylus johnstoni,"Insects, fish, crustaceans, spiders, lizards, birds, snakes, frogs, turtles, bats and small mammals.",Hatchling,Social,"Less than 100,000 but its conservation status is least concern.","Cane toads, habitat destruction",Its narrow snout,"Freshie, Johnstone’s crocodile, Australian freshwater crocodile, Johnstone River Crocodile, Johnson's Crocodile, Johnstone's Crocodile",65 to 95 days,"Rivers, billabongs, swamps, lagoons, other bodies of fresh water",Carnivore,,,Freshwater crocodile,1.0,Northern Australia,,"Bask, nest",GreyDark BrownDull OliveLight-Brown,Plate-like scales,10.56 mph,Lifespan usually 40 to 60 years but some have reached 100 years,"159 pounds for males, 88 pounds for females","7.5 to 9.75 feet for males, 6.9 feet for females","17 to 20 years for males, 15 to 20 years for females",,13 to 20,"Feral pigs and monitor lizards eat the eggs, olive pythons may eat smaller individuals",Reptile,,,,,,,,,,,,,,,,1,0,0
Frilled Lizard,['Oceania'],Animalia,Chordata,Reptilia,Squamata,Agamidae,Chlamydosaurus,Chlamydosaurus kingii,,,,,,,,,Tropical forests and woodland,Omnivore,,Solitary,,,,Mainly lives in the trees!,,BrownYellowBlackTan,Scales,30 mph,10 - 20 years,0.5kg - 1kg (1.1lbs - 2.2lbs),60cm - 100cm (24in - 40in),,,,,Reptile,,Long tail and large expanding frill on neck,,,12.0,,,"Insects, Rodents, Spiders",,,,Insects,,,,1,0,0
Gaboon Viper,['Africa'],Animalia,Chordata,Reptilia,Squamata,Viperidae,Bitis,Bitis gabonica,"Mammals, ground-living birds and amphibians",,,,,,,,,Carnivore,,,"Gaboon viper, forest puff adder, whisper, butterfly adder, Gaboon adder, swampjack",,sub-Saharan Africa,,,BrownGreyYellowPurple,Scales,,About 20 years,20 to 45 pounds,4 to 7 feet,,,20 to 50,,Reptile,,,,,,,,,,,,,,,,1,0,0
Galapagos Tortoise,['Ocean'],Animalia,Chordata,Reptilia,Testudines,Testudinidae,Chelonoidis,Chelonoidis nigra,,,,,,,,,Volcanic lowlands and shrub land,Herbivore,24,Solitary,,,,The biggest species of tortoise in the world!,,BrownGrey,Scales,0.3 mph,100-150 years,200-300kg (441-661lbs),,,,,"Human, Hawk, Wild dogs",Reptile,,,,,,,,"Grass, Fruit, Cactus",,,,Grass,,,,1,0,0
Garter Snake,"['Central-America', 'North-America']",Animalia,Chordata,Reptilia,Squamata,Colubridae,Thamnophis,Thamnophis sirtalis,"Small fish, amphibians, frog eggs, lizards, leeches, earthworms, slugs, snails, insects, snails, crayfish, small birds, rodents and other small mammals, other snakes",,,,,,,,,Omnivore,,,garter snake,,,,,YellowRedGreenOrange,Scales,,"4-5 years in the wild, 6-10 years in captivity",,18-42 inches,,,20-40 eggs,,reptile,,,,,,,,,,,,,,,,1,0,0
Gharial,['Asia'],Animalia,Chordata,Reptilia,Crocodilia,Gavialidae,Gavialis,Gavialis gangeticus,"Fish, crustaceans, waterfowl, frogs",Hatchling,Solitary,182,Habitat loss and hunting,Long and slender snout,"Indian gharial, Fish-eating gharial, Gavial",,Wide and calm slow-moving rivers,Carnivore,,Nocturnal,Gharial,2.0,Northern India and Nepal,Found in the murky waters of Northern India!,Reptile,GreyOlive,Plate-like scales,15 mph,30 - 50 years,150kg - 250kg (330.7lbs - 551lbs),3.6m - 6.5m (11.8ft - 21ft),10 years,,,"Humans, Snakes, Birds of prey",,,,,3 months,,,,,,1 - 2 years,,,,,,1,0,0
Gila Monster,['North-America'],Animalia,Chordata,Reptilia,Squamata,Helodermatidae,Heloderma,Heloderma suspectum,,,,,,,,,"Shrubland, desert and woodland",Carnivore,,Solitary,,,,It's tail acts as a fat storage facility!,,BrownGreyBlackWhiteTan,Scales,15 mph,20-30 years,1.3-2.2kg (3-5lbs),,,,,"Humans, Coyotes, Birds Of Prey",Reptile,,,,,8.0,,,"Eggs, Small Mammals, Birds and Reptiles",,,,Eggs,,,,1,0,0
Glass Lizard,"['Africa', 'Asia', 'Eurasia', 'Europe', 'North-America']",Animalia,Chordata,Reptilia,Squamata,Anguidae,Ophisaurus,Ophisaurus,,,,,,,,,Sandy coastal regions,Carnivore,,Solitary,,,,Can grow up to 4ft long!,,BrownGreyYellowBlackTanGreen,Scales,6 mph,10 - 30 years,300g - 600g (11oz - 21oz),60cm - 121cm (2ft - 4ft),,,,"Birds, Mammals, Snakes",Reptile,,Forked tongue and detachable tail,,,6.0,,,"Insects, Snails, Spiders",,,,Insects,,,,1,0,0
Golden Lancehead,['South-America'],Animalia,Chordata,Reptilia,Squamata,Viperidae,Bothrops,B. insularis,"Mostly birds, but juveniles may also eat lizards and other small prey.",Neonate,Solitary,"2,000-4,000","Poachers, habitat destruction",Gold color and spearhead-shaped head,,,"subtropical forests, grasslands",Carnivore,,Nocturnal,,,,,,YellowTanCream,,,,,2-4 feet,,,,A few predatory birds on the island may prey on them.,,,,,,,Yes,Medium,Tyrant flycatcher,,,,Tyrant flycatcher,,,,1,0,0
Gopher Snake,"['Central-America', 'North-America']",Animalia,Chordata,Reptilia,Squamata,Colubridae,Pituophis,Pituophis catenifer,"Small mammals (including pocket gophers), birds, bird eggs, lizards, insects, and sometimes bats.",,,,,,,,,Omnivore,,,Pacific gopher snake,,,,,YellowRedTanDark BrownCream,,,"15 years in wild, 33 years in captivity.",,4-9 feet,,,Hatchlings,,,,,,,,No,Low,,,,,,,,,1,0,0
Grass Snake,"['Asia', 'Central-America', 'Europe', 'North-America']",Animalia,Chordata,Reptilia,Squamata,Colubridae,Natrix,Natrix natrix,Various amphibianous creatures,Hatchling,Solitary,,Loss of habitat and pollution impact on prey,,"Garter snake, water snake, ringed snake",,Areas near bodies of waters,Omnivore,,,Garter snake,26.0,Everywhere,,,White,,,15 to 25 years,,2 to 4 feet,,,,"Hawks, crows, bears, bullfrogs, snapping turtles, foxes, squirrels and raccoons",Smooth,,,,,,,,"Toads, frogs, other amphibians",,,,,,,"Various patterns, colors, markings",0,1,0
Green Anole,['North-America'],Animalia,Chordata,Reptilia,Squamata,Dactyloidae,Anolis,Anolis carolinensis,Small insects,"Young, young anole, younger anole",Territorial,unknown,Invasive lizard species,Dewlap,"Common green anole, American green anole, Carolina anole, red-throated anole",5-7 weeks,"Trees, shrubs",Carnivore,,,Green anole,425.0,"Southeastern United States, Caribbean islands",,,BrownGreenDark Brown,Scales,6 mph,"On average 2-3 but up to 8 in the wild, 4-7 years in captivity",2-6g,4-8cm (1.5-3.1in),8-9 months,"None, the eggs are left to incubate underground and hatch by themselves",,"Broadhead skink, snakes, birds, cats",Reptile,,,,,,,,,,,,,,,,1,0,0
Green Mamba,['Africa'],Animalia,Chordata,Reptilia,Squamata,Elapidae,Dendroaspis,,"Birds, their eggs, small bats, and lizards",Hatchling,Solitary,,,"Bright, velvety-green, juveniles are often turquoise. Western: Bright green fading to yellow in their long tail, with black margins between their scales.",,,,Carnivore,,Diurnal,"Eastern Green Mamba: green mamba, mamba, groenmamba, common Mamba, East African green mamba, or white mouthed mamba. Western Green Mamba: Hallowell’s green mamba, green mamba, mamba",2.0,,,,Green,Scales,7 mph,12-14 years,,4-7 Feet,,,,"Black-headed heron, birds of prey.",,,,,,,,,Birds and their eggs,,,,,,,,1,0,0
Ground Snake,"['Central-America', 'North-America']",Animalia,Chordata,Reptilia,Squamat,Colubridae,Sonora,Sonora semiannulata,"Centipedes, crickets, spiders, insect larvae","snakelets, hatchlings",,"100,000",Larger snakes,A thick head," Common ground snake, variable ground snake, and the miter snake",,"These snakes live in a rocky hillside habitat where they can burrow into the loose, sandy ground.",Omnivore,,,Western Ground Snake,1.0,,,,BrownGreyRedBlackWhiteOrange,Scales,,15 - 20 years,,"An average of 8 inches, but they can reach up to 20 inches long",,,,"Larger snakes, including rattlesnakes (sidewinders)",,,"Color patterns, including orange, red or brown with horizontal black bands, can vary widely, making it difficult to identify two individuals as the same type of snake!","Shy, non-aggressive",,,No,Low,,,,,,,, A thick head and body and round pupils,1,0,0
Habu Snake,['Asia'],Animalia,Chordata,Reptilia,Squamata,Viperidae,Protobothrops or Trimeresurus,Protobothrops flavoiridis,"Small mammals, snakes, frogs, and birds",Snakelets or neonates,,Unknown,,,"Okinawa Habu, Kume Shima Habu",,The transitional zone between cultivated fields and palm forests,Carnivore,,,Habu Snake,,,,,YellowGreen,Scales,,7 to 10 years,,4 to 8 feet,,,1 - 18 snakelets,Humans and Asian mongoose,,,,Aggressive,,1.0,Yes,High,,,,,Mice and rats,,,,1,0,0
Harlequin Snake,"['Central-America', 'North-America']",Animalia,Chordata,Reptilia,Squamata,Elapidae,Micrurus,Micrurus fulvius,"Lizards, smaller snakes, frogs, and insects",,,"100,000",,"Black, red, and yellow bands of color",,,"Forests, dry scrublands, hammocks, and near wetlands.",Carnivore,,Diurnal,Coral Snake,,,"Red touches yellow kills a fellow, red touches black a friend of Jack.",,YellowRedBlack,Scales,,Up to 12 years,,20 - 30 inches,,,,"Owls, red-tailed hawks, another predators",,,Their bands of color cover both their backs and their bellies.,,,,Yes,Low,,,,Underground,,,,,1,0,0
Horned Adder,['Africa'],Animalia,Chordata,Reptilia,Squamata,Viperidae,Bitis,B. caudalis,"Lizards such as geckos, small mammals and birds.",,Solitary,,"Agricultural and commercial development, overgrazing, roadways.",Single scale above the eye that creates a horn.,"Horned viper, horned puff adder, Horingadder, Horingsman (Afrikaans)",,"Wide range of habitats, but prefers more arid conditions where there's loose sand to bury themselves in.",Carnivore,,Nocturnal,"Horned adder, Horingadder, Horingsman (Afrikaans), horned viper.",1.0,,,,BrownGreyYellowFawnRed,Scales,,,,"12-15 inches, but can reach 20 inches long in the wild.",,,4-19,"Birds of prey, larger mammals.",,,,Relatively mellow.,,,Yes,Medium,,,,,,,,,1,0,0
Horned Lizard,"['Central-America', 'North-America']",Animalia,Chordata,Reptilia,Squamata,Phrynosomatidae,Phrynosoma,,"Ants, beetles, spiders, insects, and sometimes pebbles",Hatchlings,Solitary,Not known,"Dogs, wolves, hawks, snakes, roadrunners, pesticides as well as human activities",Horns all over their bodies and also the crown of their heads,none,40 days,Desert like fine sand areas and dense forest areas.,Carnivore,,,Horned lizards,14.0,primarily North and Central America,,Solitary,BrownGreyYellowRed,Scales,,At least five years,25-90 grams (1.8-2.5 grams as a yearling),approximately 3.75 inches,13 months,,27 eggs,"Dogs, wolves, hawks, snakes, roadrunners",Scaled reptiles,approximately 3.75 inches,,,,,,,,,,,,,,,1,0,0
Iguana,"['Central-America', 'South-America']",Animalia,Chordata,Reptilia,Squamata,Iguanidae,,,,,,,,,,,Lowland tropical rainforest near water,Omnivore,3,Solitary,,,,Uses visual signals to communicate!,,BrownYellowGreen,Scales,21 mph,15-20 years,4-8kg (8.8-17.6lbs),,,,,"Hawk, Eagle, Snakes",Reptile,,,,,,,,"Insects, Fruit, Leaves",,,,Insects,,,,1,0,0
Indian Cobra,['Asia'],Animalia,Chordata,Reptilia,Squamata,Elapidae,Naja,Naja naja,"Rodents, lizards, and frogs",,,,,,,,,Omnivore,,,Indian cobra,,,,,BrownYellowBlackWhite,Scales,,24 years,,four to seven feet,,,12-20 eggs,,reptile,,,,,,,,,,,,,,,,1,0,0
Indian Star Tortoise,['Asia'],Animalia,Chordata,Reptilia,Testudines,Testudinidae,Geochelone,Geochelone elegans,,,,,,,,,Dry scrub forest,Herbivore,,Solitary,,,,Popular in the exotic pet trade!,,BrownYellowBlackTanGreen,Scales,0.3 mph,30 - 80 years,1.3kg - 2.2kg (3lbs - 4.9lbs),20cm - 30cm (8in - 12in),,,,"Birds, Reptiles, Humans",Reptile,,"High domed, star patterned protective shell",,,7.0,,,"Grasses, Fruits, Flowers",,,,Grasses,,,,1,0,0
Indigo Snake,['North-America'],Animalia,Chordata,Reptilia,Squamata,Colubridae,Drymarchon,Drymarchon couperi,"Snakes, mammals, reptiles",,Solitary,,,,,,,Omnivore,4 to 12,,Indigo snake,,,,,,,,Unknown,,7 to 9 feet,,,,,,"Snakes, mammals, reptiles",,,,,,,,,,,,,,,1,0,0
Jackson’s Chameleon,"['Africa', 'North-America']",Animalia,Chordata,Reptilia,Squamata,Chamaeleonidae,Trioceros,Trioceros jacksonii,"Insects, centipedes, isopods, millipedes, spiders, lizards, birds, and snails.",Hatchlings,Solitary,,Natural predators and adult chameleons,Three horns,Trioceros,5-6 months,"Woodlands, forests",Carnivore,,,"Jackson’s chameleon, Jackson's horned chameleon, three-horned chameleon, or Kikuyu three-horned chameleon",3.0,"Hawaii, South-Central Africa",,,YellowBlueGreen,Scales,,5-10 years,90 to 150 grams,9 to 13 inches,5 months,,8-30 eggs,"Carnivorous spiders, birds, snakes, monkeys, shrews, and parasites.",Reptile,,,,,,,,,,,,,,,,1,0,0
Kenyan Sand Boa,"['Africa', 'Asia']",Animalia,Chordata,Reptilia,Squamata,Boidae,Gongylophis,Gongylophis colubrinus,"Small mammals, lizards, birds",Snakelets,,Unknown,"Habitat destruction, over-collection for pet trade",Beautiful colorations,"East African sand boa, Egyptian sand boa, sand boa, Kenyan sand boa",4 months,"Semi-desert, scrubland, savannas, prefers loose soil",Carnivore,,Nocturnal,Kenyan sand boa,2.0,Northern and Eastern Africa,A popular pet snake that comes in dozens of morphs!,Reptiles,,,,,,,,,,,,,,,,,,,,,,,,,,,1,0,0
King Cobra,['Asia'],Animalia,Chordata,Reptilia,Squamata,Elapidae,Ophiophagus,Ophiophagus hannah,"Lizards, birds, other snakes",Hatchlings,,Unknown,"Poaching, habitat loss",An expanding hood,hamadryad,66-105 days,"Forest, shrublands, wetlands",Carnivore,,Diurnal,King Cobra,20.0,South and southeast Asia,,Solitary,BrownYellowBlackGreen,Scales,12 mph,About 20 years,,,,,21 to 40 eggs,,Reptile,,,,,,,,,,,,,,,,1,0,0
King Snake,['North-America'],Animalia,Chordata,Reptilia,Squamata,Colubridae,Lampropeltis,Lampropeltis elapsoides,,,,,,,,,,Carnivore,3-29 eggs,,Kingsnake,,,,,BrownYellowRedBlackWhite,,,10-15 years,,36-60 inches,,,,,,,,,,,,,,,,,,,,,1,0,0
Kirtland’s snake,['North-America'],Animalia,Chordata,Reptilia,Squamata,Colubridae,Clonophis,Clonophis kirtlandii,"Earthworms, slugs, small reptiles, and frogs",,,,,,,,,Carnivore,,,Kirtland’s Water Snake,,,,,BrownRedDark BrownOrangePink,Scales,,,,14-28 inches,,,,,,,,,,,,,,,,,,,,,1,0,0
Komodo Dragon,['Asia'],Animalia,Chordata,Reptilia,Squamata,Varanidae,Varanus,Varanus komodoensis,"Pigs, Deer, Water Buffalo",Pup,Solitary,"3,000 - 5,000",Hunting and habitat loss,Long and deep forked tongue to taste the air,Komodo Monitor,,Open woodland and hillsides,Carnivore,20,Diurnal,Komodo Dragon,1.0,Komodo National Park,Only found on five Indonesian islands,Reptile,BrownGreyCream,Scales,11 mph,25 - 40 years,70kg - 150kg (150lbs - 300lbs),2m - 3.1m (6.6ft - 10.3ft),5 years,,,,,,,,8 -9 months,,,,,,On hatching,,,,,,1,0,0
Lazarus Lizard,"['Europe', 'North-America']",Animalia,Chordata,Reptilia,Squamata,Lacertidae,Podarcis,Podarcis muralis,Insects,,Solitary,Unknown,"Birds, domestic cats, and snakes.",,"Birds, domestic cats, and snakes.",,"Parks, rock walls, rocky environments, urban settings.",Carnivore,,,European wall lizard,1.0,"North America, northern Italy, Europe.",,Solitary,BrownGreyGreen,Scales,7 mph,7-10 years old,0.5 ounces,8 inches,2-3 years old,,2-5 eggs,"Birds, domestic cats, and snakes.",Reptile,,,,,,,,,,,,,,,,0,1,0
Leaf-Tailed Gecko,['Africa'],Animalia,Chordata,Reptilia,Squamata,Gekkonidae,Uroplatus,,,,,,,,,,Dense tropical jungle,Carnivore,,Solitary,,,,Only found on Madagascar!,,BrownBlackTanGreen,Scales,30 mph,2 - 9 years,10g - 30g (0.35oz - 1oz),10cm - 30cm (4in - 12in),,,,"Owls, Rats, Snakes",Reptile,,"Sticky toes and broad, flattened tail",,,3.0,,,"Spiders, Insects, Worms",,,,Spiders,,,,1,0,0
Leatherback Sea Turtle,"['Africa', 'Asia', 'Central-America', 'North-America']",Animalia,Chordata,Reptilia,Testudines,Dermochelyidae,Dermochelys, Dermochelys coriacea,"jellyfish, sea squirts","eggs, hatchlings",Solitary except during mating season,"less than 50,000","Humans, pollution, habitat loss, fishing vessel",Leather-like skin,"Luth, leathery turtle, lute turtle, leatherbacks, leatherback turtle",2 months,moderate to tropical coastal ocean waters,Omnivore,100,,Leatherback Sea Turtle,,"Oceans around the United States (including Hawaii ) , Puerto Rico , Indonesia , Africa",,Ridley,GreyBlack,Leather,6 mph,up to 50 years,500 pounds to over 1 ton,7-8 feet,,,100,"Crabs, racoons",Reptile,,Leather-like skin and massive size,,,,,,Jellyfish,Salt,,Land,,,,,1,0,0
Leopard Gecko,['Asia'],Animalia,Chordata,Reptilia,Squamata,Eublepharidae,Eublepharis,Eublepharis macularius,,,Solitary,,,Lacks sticky foot pads like most gecko species; has fully-functional eyelids; is able to drop its tail as a defense mechanism (autotomy),,,"Arid, rocky deserts and scrublands throughout the Middle East; countries include India, Afghanistan, Pakistan, Nepal, and Iran",Carnivore,,,,,,,,BrownGreyYellowBlackWhiteOrange,Scales,,Roughly 8 to 15 years (lives longer in captivity on average),50 to 80 grams (adults),7 to 11 inches (adults),18 to 24 months,,,,Reptile,,,,,,,,,,,,"Crickets, mealworms, superworms, waxworms, dubia roaches",,,,1,0,0
Leopard Lizard,"['Central-America', 'North-America']",Animalia,Chordata,Reptilia,Squamata,Crotaphytidae,Gambelia,,"Smaller lizards, insects, rodents, berries, leaves",Juvenile lizard,Solitary,Unknown,Habitat loss,Long tail,Long-nosed or blunt-nosed leopard lizard,Two months,"Semiarid plains, scrublands",Omnivore,,,Leopard lizard,3.0,Southwestern United States and Mexico,,Solitary,YellowWhiteDark BrownLight-Brown,Scales,,6 to 8 years,0.8 to 1.5 ounces,up to 12 inches head to tip of tail,,From birth,2-6 eggs,"Snakes, coyotes, birds",Reptile,,,,,,,,,,,,,,,,1,0,0
Leopard Tortoise,['Africa'],Animalia,Chordata,Reptilia,Testudines,Testudinidae,Stigmochelys,Stigmochelys pardalis,,,,,,,,,Grassland and savannah,Herbivore,,Solitary,,,,The most widely distributed tortoise in Africa!,,BrownGreyYellowBlackTan,Scales,0.3 mph,50 - 100 years,18kg - 54kg (40lbs - 120lbs),40cm - 70cm (16in - 28in),,,,"Cats, Dogs, Humans",Reptile,,"Large body size and protective, patterned shell",,,12.0,,,"Grasses, Weeds, Flowers",,,,Grasses,,,,1,0,0
Lizard,"['Africa', 'Asia', 'Central-America', 'Eurasia', 'Europe', 'North-America', 'Oceania', 'South-America']",Animalia,Chordata,Reptilia,Squamata,Lacertidae,,,,,,,,,,,Warm forests and deserts worldwide,Omnivore,18,Solitary,,,,"There are around 5,000 different species!",,BrownYellowBlackTanGreen,Scales,15 mph,1-30 years,0.01-300kg (0.02-661lbs),,,,,,Reptile,,,,,,,,"Insects, Birds, Small rodents",,,,Insects,,,,1,0,0
Mamba,['Africa'],Animalia,Chordata,Reptilia,Squamata,Elapidae,Dendroaspis,"Dendroaspis angusticeps, Dendroaspis jamesoni, Dendroaspis polylepis, Dendroaspis viridis","bush babies, hyrax, birds, bats, rodents, and eggs",,,,,,,,,Omnivore,6 to 25 eggs,,Mamba,,,,,BrownGreyGreen,,,"11 years in the wild, 18 in captivity",,4.6-14ft,,,,,,,,,,,,,,,,,,,,lighter bellies,1,0,0
Mamushi Snake,['Asia'],Animalia,Chordata,Reptilia,Squamata,Viperidae,Gloydius,Gloydius blomhoffii,"Rodents, small birds, lizards, and insects",,,,,,,,,Omnivore,2-13,,Mamushi,,,,,BrownGrey,,,14 years,,12-25 inches,,,,,,,,,,,Yes,High,,,,,,,,,1,0,0
Mangrove Snake,['Asia'],Animalia,Chordata,Reptilia,Squamata,Colubridae,Boiga,Boiga dendrophila,"Reptiles, birds, small mammals.",,,,,,,,,Omnivore,4 to 15 eggs,,Mangrove snake or gold-ringed cat snake,,,,,,,,12 to 17 years,,6-7 feet,,,,,,,,,,,Yes,Medium,,,,,,,,,1,0,0
Marine Iguana,['South-America'],Animalia,Chordata,Reptilia,Squamata,Iguanidae,Amblyrhynchus,Amblyrhynchus cristatus,,Juveniles,Solitary,"250,000",Man,"Long spines on head, back and tail","Saltwater lizards, Galapagos lizard, Christmas lizard",Eggs hatch in 89 to 120 days,Rocky shoreline on Galápagos Islands,Herbivore,,,,1.0,Galapagos Islands,,,Black,Tough,24 mph,60 years,1kg-75kg (2.2lbs-165lbs),20cm-38cm(8in-19in),3-8 years,,1-6 eggs,"Galapagos hawks, snakes, rodents, cats and dogs when young",Reptile,,,,,,,,,,,,,,,,1,0,0
Massasauga,"['Central-America', 'North-America']",Animalia,Chordata,Reptilia,Squamata,Viperidae,Sistrurus,Sistrurus catenatus,"Small mammals, lizards, other snakes, centipedes",,Solitary,,,,,,"Prairie, marsh, and lake areas",Carnivore,,,Massasauga Rattlesnake,,North America,,,BrownGreyBlackTan,Scales,,8-14 years,,24-30 inches,,,8-20 live young,,,,,,,,,,,,,,,,,,1,0,0
Mexican Alligator Lizard,['Central-America'],Animalia,Chordata,Reptilia,Squamata,Anguidae,Abronia,Abronia graminea,"Diurnal crickets, grasshoppers, hornworms",Neonates,Solitary,Unknown,Man,Vibrant color,Green arboreal alligator lizard,6-8 months,Mesic cloud and pine-oak forest canopies,Carnivore,,,"Alligator lizard, green arboreal alligator",1.0,Mexico,,,GreenOrange,Scales,,10 years,21g(0.75oz),160mm-320mm(6in-12in),3 years,,1-12,"Dogs, cats, rodents",Reptile,,,,,,,,,,,,,,,,1,0,0
Mexican Black Kingsnake,['Not Evaluated'],Animalia,Chordata,Reptilia,Squamata,Colubridae,Lampropeltis,Lampropeltis getula nigrita,,,,,,,,,,Carnivore,,,Mexican black kingsnake,,,,,,,,20 to 30 years,,3 to 4 feet,,,Three to 24,,,,Very dark brown with irridescent scales,,,,No,Low,,,,,,,,,1,0,0
Mexican Mole Lizard,"['Central-America', 'North-America']",Animalia,Chordata,Reptilia,Squamata,Bipedidae,Bipes,Bipes biporus,"Insects, larvae, lizards",Hatchling,,,Humans,Worm-like appearance,"Five-toed worm lizard, bipes",2 months,"Desert, dune, shrubland",Carnivore,,,Mexican mole lizard,1.0,Mexico,,,GreyPink,Scales,,1-2 years,3 oz,18cm-24cm,3.75 years,,1-4,"Humans, snakes",Reptile,,,,,,,,,,,,,,,,1,0,0
Midget Faded Rattlesnake,['North-America'],Animalia,Chordata,Reptilia,Squamata,Viperidae,Crotalus,C. concolor,"small mammals, lizards, birds",Neonate,Mainly solitaryCommunal Dens,,Human encounters,Generally faded coloration in the adults.,"Horseshoe rattlesnake, yellow rattlesnake, faded rattlesnake",4 months,"rock outcrops, sagebrush, high desert.",Carnivore,,DiurnalCrepuscular,,,,,,BrownGreyYellowSilver,Scales,,,,,,,3-5,"owls, hawks, coyotes",,,Rattle,"Mellow, non-aggressive",,,Yes,Low,,,,,mice,,1.0,,1,0,0
Milk Snake,"['Central-America', 'North-America']",Animalia,Chordata,Reptilia,Squamata,Colubridae,Lampropeltis,Lampropeltis triangulum,"Rodents, reptiles, snakes, and insects.",,,,,,,,,Carnivore,,,milk snake,,,,,YellowRedBlack,Scales,,up to 22 years in captivity,,24-52 inches,,,6-24 eggs,,reptile,,,,,,,,,,,,,,,,1,0,0
Moccasin Snake,['North-America'],Animalia,Chordata,Reptilia,Squamata,Viperidae,Agkistrodon,Agkistrodon piscivorus,"Fish, turtles, frogs, birds",,,,,,,,,Carnivore,2-15,,Moccasin,,,,,BrownYellowBlackTan,,,20 to 25 years,,30-42 inches,,,,,,,,,,,Yes,Low,,,,,,,,,1,0,0
Mojave Rattlesnake,"['Central-America', 'North-America']",Animalia,Chordata,Reptilia,Squamata,Viperidae,Crotalus,Crotalus scutulatus,,,,,,,,,,Carnivore,,,Mojave rattlesnake or Mojave green,,,,,BrownGreen,,,12-20 years,,4.5 feet,,,2-17 live young,,,,,,,,,,,,,,,,,,1,0,0
Mole Snake,['Africa'],Animalia,Chordata,Reptilia,Squamata,Pseudaspididae,Pseudaspis,Pseudaspis cana,"Rodents, bird eggs",,,,,,,,,Carnivore,25-95 eggs,,Mole snake,,,,,BrownRedBlack,,,8-10 years,,6.8 feet,,,,,,,,,,,No,Medium,,,,,,,,,1,0,0
Monitor Lizard,"['Africa', 'Asia', 'Oceania']",Animalia,Chordata,Reptilia,Squamata,Varanidae,Varanus,,,,,,,,,,River banks and coastal forests,Carnivore,10,Solitary,,,,Some species are thought to carry a weak venom!,,BrownGreyTanGreen,Scales,28 mph,8-30 years,1-166kg (2.2-366lbs),,,,,,Reptile,,,,,,,,"Rodents, Snakes, Lizards",,,,Rodents,,,,1,0,0
Mud Snake,['North-America'],Animalia,Chordata,Reptilia,Squamata,Colubridae,Farancia,Farancia abacura,,,,,,,,,,Carnivore,6 to 104,,Mud snake,,,,,Multi-colored,,,19 years,,1.18 to 4 feet,,,,,,,,,,,No,Low,,,,,,,,,1,0,0
Mulga Snake,['Oceania'],Animalia,Chordata,Reptilia,Squamata,Elapidae,Pseudechis,Pseudechis australis,"Frogs, lizards, other snakes, birds, small mammals, other mulga snakes.",,,,,,,,,Carnivore,4-19 eggs,,King brown snake,,,,,Brown,,,Up to 25 years (in captivity),,5-10 feet,,,,,,,,,,,Yes,High,,,,,,,,,1,0,0
Mussurana Snake,"['Central-America', 'South-America']",Animalia,Chordata,Reptilia,Squamata,Colubridae,Clelia,"Clelia clelia, Clelia equatoriana, Clelia hussami, Clelia langeri, Clelia plumbea, Clelia scytalina","Other snakes, including venomous snakes, small mammals",,,,,,,,,Carnivore,9 to 25,,Mussurana,,,,,BrownGreyYellowBlackWhitePink,,,11.5 to 12 years,,4.9 to 8.2 feet,,,,,,,,,,,Yes,Low,,,,,,,,,1,0,0
Night Adder,['Africa'],Animalia,Chordata,Reptilia,Squamata,Viperidae,Causus,,Frogs and toads,,,,,,,,,Omnivore,About 24 eggs,,Night Adder,,,,,BrownBlack-Brown,,,10 years on average,,Up to 3.3 feet,,,,,,,,,,,Yes,Medium,,,,,,,,,1,0,0
Northern Alligator Lizard,['North-America'],Animalia,Chordata,Reptilia,Squamata,Anguidae,Elgaria,Elgaria coerulea,"Meal worms, crickets, spiders, baby mice",Baby,Solitary,"10,000 plus mature adults",Habitat loss,Very long tail,,Approximately 11 weeks,,Omnivore,,,Northern alligator lizard,,"California, Oregon, Washington State, Montana, Idaho, British Columbia",,,BrownGreyBlack,Scales,,10 years,Around 1 ounce,3in-4in body,18 months,,Up to 15,,Reptile,,,,,,,,,,,,,,,,1,0,0
Northern Water Snake,['North-America'],Animalia,Chordata,Reptilia,Squamata,Serpentes,Nerodia,Nerodia sipedon,"Fish, amphibians, smaller reptiles, rodents, small mammals, invertebrates",,,,,,common water snake,,,Carnivore,,,northern water snake,,,,,GreyBlackTanBlack-BrownGrey-Brown,Scales,,9 years in captivity; unknown in the wild,,"2 feet 3.5 inches to 4.5 feet, including the tail",,,12-36,,reptile,,,,,,,,,,,,,,,,1,0,0
Painted Turtle,['North-America'],Animalia,Chordata,Reptilia,Testudines,Emydidae,Chrysemys,Chrysemys picta,"insects, small fish, small mammals, crustaceans",hatchling,Group,,Habitat reduction,colorful stripes on legs and neck,"Western, eastern, midland, and southern painted turtle",80 days,"Ponds, streams, marshes",Omnivore,,,Painted turtle,,,,large groups,YellowRedBlackGreenOrange,Hard Outer Shell,3 mph,,,,,,4-10,"Raccoons, otters, foxes",Reptile,,,,,,,,,,,,,,,,0,0,1
Parrot Snake,"['Central-America', 'South-America']",Animalia,Chordata,Reptilia,Squamata,Colubridae,Leptophis,Leptophis ahaetulla,"Lizards, frogs, and small birds",Hatchlings,,,,,,,,Carnivore,,,Lora or parrot snake,,,,,GoldGreen,,,7-8 years,,Up to 68 inches long (with tail),,,,,,,,,,,Yes,Low,,,,,,,,,1,0,0
Peringuey’s Adder,['Africa'],Animalia,Chordata,Reptilia,Squamata,Viperidae,Bitis,B. peringueyi,Lizards and geckos,,Solitary,,,Eyes on the top of their head!,"Peringuey's adder, Peringuey's desert adder, sidewinding adder, Namib dwarf sand adder, dwarf puff adder, Namib desert sidewinding adder, dwarf sand adder, Namib dwarf adder, and Namib desert viper.",,Desert,Carnivore,,Diurnal,,,,,,BrownGreyFawnTanLight-Brown,Scales,,,,8-10 inches,,,,,,,Strongly keeled scales that give it an almost furry appearance.,,,,,,Lizards from the Meroles genus.,,,,Lizards from the Meroles genus,,,,1,0,0
Pied Ball Python,['Africa'],Animalia,Chordata,Reptilia,Squamata,Pythonidae,Python,Python regius,Rodents and birds,,,,,,,,,Omnivore,1-14 snakes,,Pied Ball Python,,,,,BrownWhiteTan,,,10-20 years on average,,3 to 6 feet,,,,,,,,,,,,,,,,,,,,Random white patches against brown or tan skin,1,0,0
Pine Snake,['North-America'],Animalia,Chordata,Reptilia,Squamata,Colubridae,Pituophis,Pituophis melanoleucus,"Rodents, birds, eggs",,,,,,,,,Carnivore,12 to 24,,Pine snake,,,,,BrownBlack,,,15 to 20 years,,4 to 6 feet,,,,,,,,,,,No,Low,,,,,,,,,1,0,0
Prairie Rattlesnake,"['Central-America', 'North-America']",Animalia,Chordata,Reptilia,,Viperidae,,Crotalus viridis,"mice, rats, rabbits, birds, prairie dogs",hatchling,Solitary,"100,000",habitat loss and intentional persecution,tail rattle,"Western rattlesnake, Great Plains rattlesnake",3-4 months,"grasslands, plains, foothills, and mountains",Carnivore,25,Solitary,Prairie rattlesnake,32.0,,,,BrownGreyGreen,Scales,18 mph,,,,,,25,"Coyotes, hawks, eagles, foxes, and king snakes",,,,,,,,,,,,,,Western United States,,,1,0,0
Puff Adder,['Africa'],Animalia,Chordata,Reptilia,Squamata,Viperidae,Bitis,Bitis arietans,"Rodents, frogs, birds, insects, and other reptiles",,Solitary,,,,"African puff adder, common puff adder",,,Carnivore,,,puff adder,,,,,BrownGreyBlackTanGoldenLight-Brown,Scales,,13 to 16 years,,two to five feet,,,20 to 50 live young,,reptile,,,,,,,,,,,,,,,,1,0,0
Radiated Tortoise,['Africa'],Animalia,Chordata,Reptilia,Testudines,Testudinidae,Astrochelys,Astrochelys radiata,"Grasses, Fruits, Flowers",Hatchling,Solitary,Declining,Habitat loss,,Sokake,,Dry tropical forest,Herbivore,,Diurnal,Radiated Tortoise,1.0,southern Madagascar,The most protected tortoise in the world!,Reptile,BrownYellowBlackTanGreen,Scales,0.3 mph,30 - 80 years,2.2kg - 16kg (4.9lbs - 35lbs),30cm - 41cm (12in - 16in),15 - 20 years,,,"Birds, Reptiles, Humans",,,High domed protective shell and yellow limbs,,4 - 7 months,3.0,,,,,1 month,,,,,,1,0,0
Rainbow Boa,"['Central-America', 'South-America']",Animalia,Chordata,Reptilia,Squamata,Boidae,Epicrates,Epicrates cenchria,"Rodents, small birds, small lizards, some aquatic animals.",,,,,,,,,Carnivore,,,"Rainbow boa, slender boa.",,,,,BrownRedWhiteBlack-Brown,Scales,,20+ years,,4-6 feet,,,12-25 babies,,,,,,,,,,,,,,,,,,1,0,0
Rat Snakes,"['Asia', 'Central-America', 'Eurasia', 'Europe', 'North-America', 'Oceania', 'South-America']",Animalia,Chordata,Reptilia,Squamata,Colubridae,various,various,"Rats, mice, birds, bird eggs, lizards",Hatchlings,Solitary,,"Vehicles on roads, human encroachment",,"Corn snake, rat snake, bush snake,",2-3 months,Dense rainforest jungles to arid deserts.,Carnivore,,Diurnalor Nocturnal Depending on Region and Season,,50.0,,,,,,,,,,,,Anywhere from 3-20 eggs,"Birds of prey, other snakes, weasels, coyotes, badgers.",,,,"Generally mellow, but some species are more aggressive.",,12.0,,,Rats and mice,,,"Hollow logs, leaf litter",,,,,1,0,0
Rattlesnake,"['Central-America', 'North-America', 'South-America']",Animalia,Chordata,Reptilia,Squamata,Viperidae,Crotalus,,,,,,,,,,,Omnivore,,,,,,It's venom digests it's prey before it even swallows it!,,,Hair,,,,,,,,,,,,,,,,,,Saltwater,,,,,,,1,0,0
Red Diamondback Rattlesnake,"['Central-America', 'North-America']",Animalia,Chordata,Reptilia,Squamata,Viperidae,Crotalus,C. ruber,"mice, rats, rabbits, squirrels, lizards, snakes",neonate,Solitary,,"Habitat destruction, juveniles are susceptible to predation by roadrunners, other snakes, owls.",Rattle and black & white bands on tail,"Red diamond rattlesnake, red rattlesnake, red diamond snake, red diamond-backed rattlesnake, red rattler, and western diamond rattlesnake.",,"coastal scrub brush, desert",Carnivore,5-15,NocturnalDiurnal,Red diamond rattlesnake,,"Baja California and southwestern California, US",,,GreyRedLight-Brown,Scales,,13-15 years,,,,,up to 25,"owls, roadrunners, king snakes",,,,,,,Yes,Low,rodents,,,,,,,,1,0,0
Red Tail Boa (common boa),"['Central-America', 'South-America']",Animalia,Chordata,Reptilia,Squamata,Boidae,Boa,Boa constrictor,,,,,,,,,,Carnivore,,,boa constrictor,,,,,BrownGreyCreamMulti-colored,,,20-30 years,,,,,10-65,,,,,,,,,,,,,,,,,,1,0,0
Red-Bellied Black Snake,['Oceania'],Animalia,Chordata,Reptilia,Squamata,Elapidae,Pseudechis,Pseudechis porphyriacus,"Lizards, fish, frogs, and other snakes",Neonates or snakelets,,Unknown,"The cane toad, whose venom is toxic to red-bellied black snakes.","The top part of its body is a shiny solid black, while the underbelly is several shades of red","Common black snake, red-belly, RBBS, and several indigenous names, including ""djirrabidi""",,"Woodlands, grasslands, forests, swamps and other wetlands, streams, and shallow rivers",Carnivore,,,Red-Bellied Black Snake,1.0,,,,RedBlack,Scales,,"12 years in captivity, wild unknown",,4.5 - 6 feet,,,5 - 18 live young,,,,Female red-bellied black snakes have a different hinge mechanism in their jaw from males.,Mild,,,Yes,Low,,,,,,,,,1,0,0
Red-Eared Slider,"['Africa', 'Asia', 'Central-America', 'Europe', 'North-America', 'Oceania']",Animalia,Chordata,Reptilia,Testudines,Emydidae,Trachemys,Trachemys scripta elegans,"Insects and their larvae, spiders, crawfish, freshwater clams and sponges, eggs, snails, fish, slugs, small amphibians and reptiles",hatchling,Solitary,millions,none,The red stripe behind its ear,none,60 to 95 days,"In forests or savannas near freshwater bodies. The water needs to be shallow, sluggish and full of plant and animal life and places for the turtle to bask.",Omnivore,,,Red-eared slider,,,,,YellowGreen,Shell,12 mph,30 years,8.5 ounces,5 to 8 inches but can grow to 12 inches. Females are larger.,"Two to five years for males, five to eight years for females",,Two to 20 eggs,"Snakes, alligators, waterbirds, crows, opossums, large fish, skunks, raccoons, minks, otters, foxes, armadillos, coyotes and humans. White tailed deer and foxes eat their eggs.",reptile,,,,,,,,,,,,,,,,0,0,0
Rhombic Egg-Eater Snake,"['Africa', 'Asia']",Animalia,Chordata,Reptilia,Squamata,Colubridae,Dasypeltis,Dasypeltis scabra,,hatchlings or snakelets,,Unknown,,"These snakes don't have teeth! Instead, they have ridges in their mouth and throat to hold eggs and projections in their spine to pierce the shell.",Egg-eating snake or the common egg-eater,,These snakes thrive almost anywhere except in extreme deserts and in forests with closed canopies.,Carnivore,,Nocturnal,Rhombic Egg-Eater Snake,2.0,,,,BrownYellowTanGrey-Brown,,,13 to 22 years,,40 to 46 inches,,,,Snake-eating eagles and other predators,,,Dark rhomboid-shaped spots on its back,,,,No,Medium,,,,,Bird's eggs,,,,1,0,0
Ribbon Snake,"['Central-America', 'North-America']",Animalia,Chordata,Reptilia,Squamata,Colubridae,Thamnophis,Thamnophis sauritus,"Frogs, fish, salamanders",,,,,,,,,Omnivore,3-26 live young,,Ribbon Snake,,,,,BrownYellowBlueBlackWhiteOlive,,,10-11 years,,18-35 inches,,,,,,,,,,,,,,,,,,,,"Brown, black, olive with a tan, white, blue or yellow stripe",1,0,0
Rinkhals Snake,['Africa'],Animalia,Chordata,Reptilia,Squamata,Elapidae,Hemachatus,Hemachatus haemachatus,"Frogs, toads, rodents",,,,,,,,,Omnivore,20-35 live snakelets,,Rinkhals,,,,,YellowBlackWhite,,,20-25 years,,3ft-3.5 ft,,,,,,,,,,,Yes,Low,,,,,,,,,1,0,0
River Jack Snake,['Africa'],Animalia,Chordata,Reptilia,Squamata,Viperidae,Bitis,Bitis nasicornis,"Rodents, amphibians, fish, and other small mammals",,,,,,,,,Omnivore,6-35 eggs,,River jack snake,,,,,Multi-colored,,,8 years on average,,Up to 4 feet,,,,,,,,,,,Yes,Medium,,,,,,,,,1,0,0
Rough Green Snake,['North-America'],Animalia,Chordata,Reptilia,Squamata,Colubridae,Opheodrys,Opheodrys aestivus,"Insects, snails, spiders, and small frogs",,,,,,Grass snake and green grass snake,,,Carnivore,,,rough green snake,,,,,Green,Scales,,Up to 8 years,,2.5 – 3 feet,,,3-12 eggs,,reptile,,,,,,,,,,,,,,,,1,0,0
Rubber Boa,[],Animalia,Chordata,Reptilia,Squamata,Boidae,Charina,Charina bottae," Lizards, rodents",,,,,,,,,Omnivore,1-5 babies,,Rubber boa,,,,,BrownYellow,,,12-25 years,,14-33 inches,,,,,,,,,,,,,,,,,,,,"Solid brown, yellow belly with brown spots",1,0,0
Russian Tortoise,"['Asia', 'Eurasia']",Animalia,Chordata,Reptilia,Testudines,Testudinidae,Agrionemys,Agrionemys horsfieldii,,hatchlings,Semi-social,,Humans,Spiked tail,"Central Asian Tortoise, Afghan Tortoise, Steppe Tortoise",56-84 days,arid steppes,Herbivore,,,Russian Tortoise,,Central Asia,,Social but territorial,BrownYellowBlackTanGreen,Hard Outer Shell,5 mph,"80 years, 40 years in captivity",0.5-2.5 lbs,5-10 in.,10 yrs,,five eggs,"Raccoon, fox, coyote",reptile,3-4 in.,,,,,,,,,,,"grasses, flowers, leaves and other vegetation",,,,1,0,0
Sand Lizard,"['Asia', 'Eurasia', 'Europe']",Animalia,Chordata,Reptilia,Squamata,Lacertidae,Lacerta,Lacerta agilis,,,,,,,,,Grass and heathland,Carnivore,,Solitary,,,,Males turn green in spring!,,BrownBlackTanGreen,Scales,30 mph,5 - 8 years,10g - 15g (0.35oz - 0.5oz),13cm - 20cm (5in - 7.8in),,,,,Reptile,,Striped patterned body and forked tongue,,,8.0,,,"Spiders, Insects, Grasshoppers",,,,Spiders,,,,0,1,0
Sand Viper,"['Africa', 'Asia']",Animalia,Chordata,Reptilia,Squamata,Viperidae,Cerastes,Cersates viperus,"lizards, geckos, small mammals",,,,,,"Saharan Sand Viper, Common Sand Viper",,,Carnivore,,,sand viper,,,,,Tan,Scales,,15 - 18 years,,12 - 20 inches,,,up to eight live young,,reptile,,,,,,,,,,,,,,,,1,0,0
Satanic leaf-tailed gecko,['Africa'],Animalia,Chordata,Reptilia,Squamata,Gekkonidae,Uroplatus,Uroplatus phantasticus,Insects and small invertebrates,Hatchling,Solitary,"Unknown, conservation status is Least Concern","Habitat loss, illegal pet trade",Its amazing camouflage,"Eyelash leaf-tailed gecko, phantastic leaf-tailed gecko",90 to 120 days,Tropical forests,Carnivore,,,Satanic Leaf-tailed Gecko,1.0,Madagascar,,,BrownTanOrangePurple,Scales,,,"0.14 to 0.32 ounces, females heavier","3.5 inches, plus tail",Five to six months,,Two to three per clutch,"Snakes and rats, perhaps birds",Reptile,,,,,,,,,,,,,,,,1,0,0
Scarlet Kingsnake,['North-America'],Animalia,Chordata,Reptilia,Squamata,Colubridae,Lampropeltis,Lampropeltis triangulum elapsoides,"Lizards, other snakes, birds and their eggs, rodents",,,,,,scarlet milk snake,,,Carnivore,,,scarlet kingsnake,,,,,YellowRedBlackWhite,Scales,,21 years,,1.5 to 2.5 feet,,,10,,reptile,,,,,,,,,,,,,,,,1,0,0
Sea Turtle,['Ocean'],Animalia,Chordata,Reptilia,Testudines,Chelonioidea,,,,,,,,,,,Tropical coastal waters and beaches,Omnivore,100,Solitary,,,,Always return to the same beach to lay eggs!,,BrownTanGreen,Scales,2.4 mph,60-80 years,158-400kg (350-882lbs),,,,,,Reptile,,,,,,,,"Fish, Crabs, Seaweed, Jellyfish",,,,Fish,,,,1,0,0
Sharp-Tailed Snake,['North-America'],Animalia,Chordata,Reptilia,Reptilia Order:	Squamata,Colubridae,Contia,Contia tenuis,Slugs,Snakelet or hatchling,Semi-social,"100,000 plus adults",Habitat loss,"Spiny, sharp tail","Pacific brown snake, gentle brown snake",Summer to mid-fall,"Moist areas including woodlands, forests, grasslands",Carnivore,,,Sharp-tailed snake,,"Western part of the United States, British Columbia",,Semi-social,BrownGreyRedWhite,Scales,,10 years,5 ounces,12in -19in,,Birth,3-8 eggs,"Birds, larger snakes, foxes, cats",Reptile,,,,,,,,,,,,,,,,1,0,0
Skink Lizard,"['Africa', 'Asia', 'Central-America', 'Eurasia', 'Europe', 'North-America', 'Oceania', 'South-America']",Animalia,Chordata,Reptilia,Squamata,Scincidae,,,"Flies, crickets, grasshoppers, beetles, and caterpillars",skinklets,Solitary,Unknown,Man,Lizard-like body with short legs or no legs at all,Skinks,30-75 days,Varies depending on species,Carnivore,,,,,Worldwide,,,BrownGreyRedGreenOrange,Scales,65 mph,Varies by species,1gram – 907 grams (1 ounce – 32 ounces),7.5 cm - 81cm (3in – 32 in),3 months - 36 months,2 days -12 months,10-18,"Foxes, raccoons, opossums, skunks, shrews, moles, birds",Reptiles,,,,,,,,,,,,,,,,1,0,0
Snake,"['Africa', 'Asia', 'Central-America', 'Eurasia', 'Europe', 'North-America', 'Oceania', 'South-America']",Animalia,Chordata,Reptilia,Squamata,,,,,,,,,,,,,Carnivore,,Solitary,,,,"There are around 3,000 known species worldwide",,,Scales,20 mph,30 years,150kg (330lbs),,,,,,Reptile,,,,,,,,,,,,,,,,1,0,0
Snapping Turtle,"['Central-America', 'North-America', 'South-America']",Animalia,Chordata,Reptilia,Testudines,Chelydridae,Chelydra,Chelydridae,,,,,,,,,"Slow rivers, lakes and marshland",Omnivore,35,Solitary,,,,Only found in North America!,,BrownBlackTan,Scales,2.4 mph,30-45 years,16-136kg (35-300lbs),,,,,"Human, Raccoon, Alligator",Reptile,,,,,,,,"Fish, Birds, Frogs",,,,Fish,,,,1,0,0
Snouted Cobra,['Africa'],Animalia,Chordata,Reptilia,Squamata,Elapidae,Naja,Naja annulifera,"Birds, lizards, rodents, toads, and other snakes",,,,,,,,,Carnivore,,,Snouted Cobra,,,,,BrownYellowBlue,Scales,,20 years,,4-8 feet,,,8-33 eggs,,,,,,,,,,,,,,,,,,1,0,0
Southern Black Racer,"['Central-America', 'North-America']",Animalia,Chordata,Reptilia,Squamata,Colubridae,Coluber,Coluber constrictor,,,,,,,,,,Carnivore,6-23 eggs,,"Black racer, North American racer",,,,,BlackWhite,,,5-10 years,,2-5 feet,,,,,,,,,,,,,,,,,,,,,1,0,0
Southern Pacific Rattlesnake,"['Central-America', 'North-America']",Animalia,Chordata,Reptilia,Squamata,Viperidae,Crotalus,C. helleri,"Lizards, birds, snakes, frogs, and small mammals including rats, mice, rabbits, and ground squirrels.",neonate,Solitary,,habitat loss and human encounters,Rattle composed of interlocking keratin links.,,,"scrub brush, coastal sage, rocky hills",Carnivore,,NocturnalCrepuscularNocturnal/Crepuscularor Nocturnal Depending on Region and Season,Southern Pacific Rattlesnake,,Southern California from Santa Barbara County south to northern Baja California and the Santa Catalina Islands.,,,BrownGreyBlackDark Brown,Scales,,,,30-44 inches,,,,"Coyotes, roadrunners, hawks, owls.",,,"Large, triangular head and narrow neck.",,,,Yes,Medium,"Rats, mice, rabbits, and ground squirrels.",,,,,,,,1,0,0
Spider Ball Python,['Africa'],Animalia,Chordata,Reptilia,Squamata,Pythonidae,Python,Python regius,,,,,,,,,,Carnivore,,,Ball python,,,,,Black,,,20-50 years,,3-4.5 feet,,,1-11 eggs,,,,,,,,,,,,,,,,,,1,0,0
Spider-Tailed Horned Viper,['Asia'],Animalia,Chordata,Reptilia,Squamata,Viperidae,Pseudocerastes,Pseudocerastes urarachnoides,"Prefers birds but will also eat lizards, rodents, and arthropods",,,,,,,,,Carnivore,,,Iranian Spider Viper,,,,,GreyTan,Scales,,,Approx. 1 pound,About 20 inches,,,,,,,,,,,,,,,,,,,,,1,0,0
Spitting Cobra,"['Africa', 'Asia']",Animalia,Chordata,Reptilia,Squamata,Elapidae,,,"Small mammals, amphibians, reptiles, insects, eggs, birds. Some species scavenge.",,Solitary,,,,,,,Carnivore,2 to 23 eggs,,"Spitting cobra, ulupong",,Africa and Asia,,,BrownGreyYellowRedBlueBlackGreenPink,Scales,,20 year lifespan in captivity,,2.29 to 8.9 feet,two or three years,,,,,,,,,,,,,,,,,,,,1,0,0
Stiletto Snake,"['Africa', 'Asia']",Animalia,Chordata,Reptilia,Squamata,Lamprophiidae,,,"small mammals, burrowing reptiles, frogs.",,,,,,"Southern stiletto snake, Bibron's stiletto snake, Side-stabbing snake, Bibron's burrowing asp, Bibron's mole viper.",,"fynbos, karoo scrub, semi-desert, savannahs, grasslands, woodlands, and forests",Carnivore,,,,,sub-Sahara Africa,,,BrownBlackWhitePurple,Scales,,12-22 years,,"12-16 inches, though it may reach 21.75 inches",,,2-17 eggs,,,,,,,,,,,,,,,,,,1,0,0
Sulcata Tortoise,['Africa'],Animalia,Chordata,Reptilia,Testudines,Testudinidae,Centrochelys,Centrochelys sulcata,,Hatchling,Solitary,"Unknown, but the animal is listed as vulnerable or endangered","Hunting, poaching, habitat destruction",Its size,African spurred tortoise,About 75 days,"Desert, dry savanna",Herbivore,,,"African spurred tortoise, spurred tortoise, African spur thigh tortoise",1.0,Southern part of the Sahara Desert,,,BrownYellow,Hard Shell,0.3 mph,More than 70 years,79 to 200 pounds,30 inches,15 years of age,,15 to 30,Humans,Reptile,,,,,,,,,,,,,,,,1,0,0
Texas Indigo Snake,"['Central-America', 'North-America']",Animalia,Chordata,Reptilia,Squamata,Colubridae,Drymarchon,Drymarchon melanurus erebennus,"snakes, small mammals, lizards, birds",Hatchlings,Solitary,,"Birds of Prey, Human encroachment",Iridescent blueish sheen in the light.,"Texas blue indigo, blue indigo snake, indigo snake",,"Grasslands, brush, forests in Texas, from San Antonio south, and into northern Mexico as far south as Veracruz.",Carnivore,,Diurnalterrestrial,Texas Indigo Snake,,,,,BrownBlackBlack-Brown,Scales,,Estimated at 15,,,2-3 years,,3-12,Birds of prey like hawks and eagles,,,,Mostly docile unless harassed,,,,,All native venomous snakes,,,,,,,,1,0,0
Texas Rat Snake,['North-America'],Animalia,Chordata,Reptilia,Squamata,Colubridae,Pantherophis,Pantherophis obsoletus lindheimeri,"Rodents, reptiles, frogs, birds, eggs, and insects",,Solitary,,,,,,"forests, grasslands, swamps, and suburban and urban areas.",Carnivore,,Nocturnal,Texas rat snake,,south-central region of the United States,,,BrownGreyYellowGreen,Scales,,10-20 years,,4 to 6 feet,,,12-20 eggs,,,,,,,,,,,,,,,,,,1,0,0
Texas Spiny Lizard,"['Central-America', 'North-America']",Animalia,Chordata,Reptilia,Squamata,Phrynosomatidae,Sceloporus,Sceloporus olivaceous,"Beetles, wasps, grasshoppers",Hatchling,Solitary,Unknown,Predators,Blue patches on male’s belly,"Tree lizard, fence lizard",90 to 100 days,"Forests, scrublands, backyards",Carnivore,,,Texas spiny lizard,10.0,"Mexico, U.S.",,Lounge,BrownGreyBlackWhite,Scales,35 mph,2 to 7 years,,8 to 12 inches,1 year,At birth,4 to 20,"Snakes, raptors, weasels, lizards",Reptile,2 inches,,,,,,,,,,,,,,,1,0,0
Tiger Rattlesnake,"['Central-America', 'North-America']",Animalia,Chordata,Reptilia,Squamata,Viperidae,Crotalus,C. tigris,Small mammals and lizards,Neonate,SolitarySolitary except during mating season,"10,000",Human expansion,Small head and large rattle,Tiger rattler,,,Carnivore,6-10,NocturnalCrepuscular,Tiger Rattlesnake,,Central Arizona south to northern Mexico,,,BrownYellowFawnTanOrangeLilac,Scales,,,,2-3 feet,,,,,,,"""Tiger stripes"" in the form of crossbands down the length of the snake",,,,Yes,Low,Adults - mainly small mammals; juveniles - mainly lizards,,,,,,,,1,0,0
Timber Rattlesnake (Canebrake Rattlesnake),['North-America'],Animalia,Chordata,Reptilia,Squamata,Viperidae,Crotalus,Crotalus horridus,,,,,,,,,,Carnivore,,,Timber Rattlesnake,,,,,,,,Up to 37 years,,3-7 feet,,,,,,,,,,,,,,,,,"Rodents, shrews, rabbits, amphibians, and birds",,,"Dark zig-zag patterns set against brown, gray, or pinkish skin",1,0,0
Tree Snake,['Oceania'],Animalia,Chordata,Reptilia,Squamata,Colubridae,Boiga,Boiga irregularis,"Rats, birds, lizards, bats",,,,,Large eyes and vertical pupils,Cat snake,,,Omnivore,,Nocturnal,Brown tree snake,,,,,,,,,,,,,,,,,A large head compared to its slender body,,,,Yes,Medium,,,,In a crevice or beneath a rock to keep them cool,,,,,1,0,0
Tuatara,['Oceania'],Animalia,Chordata,Reptilia,Sphenodontia,Sphenodontidae,Sphenodon,Sphenodon Punctatus,,,,,,,,,woodland and grassland,Carnivore,12,Solitary,,,,Only found on a few of New Zealand's islands!,,BrownGreyGreen,Scales,15 mph,50-100 years,600-900g (1.3-1.9lbs),,,,,"Pigs, Cats, Rodents",Reptile,,,,,,,,"Insects, Eggs, Lizards",,,,Insects,,,,1,0,0
Twig Snake,['Africa'],Animalia,Chordata,Reptilia,Squamata,Colubridae,Thelotornis,Thelotornis capensis,"Lizards, birds, frogs",,,,,,,,,Carnivore,,,Twig snake,,,,,BrownGrey,Scales,,8-12 years,,48 inches,,,4 -18 eggs,,,,,,,,,,,,,,,,,,1,0,0
Urutu Snake,['South-America'],Animalia,Chordata,Reptilia,Squamata,Serpentes,Bothrops,Bothrops alternatus,"Opossum, amphibians, and small rodents",Snakelets or neonates,,Unknown,Global warming and habitat destruction,Triangle-shaped head,,,"Rainforests and humid regions of Brazil, Argentina, Paraguay, and Uruguay",Carnivore,,,"Yarará grande, víbora de la cruz, urutu, wutu, crossed pit viper",1.0,,,,BrownYellowWhiteTanCreamChocolateOlive-Grey,,,15.2 years,,31 to 67 inches,,,3 to 12 neonates,Humans capture them for the pet trade,,,Chocolate brown pattern with white or cream borders,Aggressive,,,Yes,High,,,,,,,,,1,0,0
Virgin Islands Dwarf Gecko,['North-America'],Animalia,Chordata,Reptilia,Squamata,Sphaerodactylidae,Sphaerodactylus,Sphaerodactylus parthenopion,Insects,Hatchlings,Solitary,Unknown,,The small size,Virgin Islands Dwarf Sphaero and Virgin Gorda Least Gecko,,Scrub forests,Carnivore,,,Virgin Islands Dwarf Gecko,1.0,British Virgin Islands,,,BrownYellow,Scales,,,0.15g (0.0053oz),"18mm (0.7in), excluding tail",,,A few eggs,"Snakes, birds, and small mammals",Reptile,2mm (0.08in),,,,,,,,,,,,,,,1,0,0
Water Dragon,"['Asia', 'Oceania']",Animalia,Chordata,Reptilia,Squamata,Agamidae,Physignathus,Physignathus,,,,,,,,,"Creeks, rivers and lakes",Omnivore,,Solitary,,,,Spends most of it's time in the trees!,,BrownYellowBlackTanGreen,Scales,30 mph,10-20 years,0.5-1kg (1.1-2.2lbs),,,,,"Snakes, Birds, Mammals",Reptile,,,,,12.0,,,"Fish, Rodents, Insects",,,,Fish,,,,1,0,0
Western Diamondback Rattlesnake,"['Central-America', 'North-America']",Animalia,Chordata,Reptilia,Squamata,Viperidae,Crotalus,C. atrox,small mammals,neonate,Solitary,,Habitat destruction,Rattle and black/white banded tail.,"Western diamond-backed rattlesnake, adobe snake, Arizona diamond rattlesnake, coon tail, desert diamond-back, desert diamond rattlesnake, fierce rattlesnake, spitting rattlesnake, buzz tail, Texan rattlesnake, Texas diamond-back, and Texas rattler.",165 days,,Carnivore,,NocturnalDiurnalCrepuscularor Nocturnal Depending on Region and Seasonterrestrial,Diamondback Rattler,,,,,BrownFawnTan,Scales,,15-20 Years,,2-7 Feet,,,10-20,,,,"Large, spade-shaped head and diamond-shaped markings on their back.",,,,Yes,Medium,,,,,,,,,1,0,0
Western Hognose Snake,['North-America'],Animalia,Chordata,Reptilia,Squamata,Colubridae,Heteredon,Heteredon nasicus,"Rodents, lizards, eggs, amphibians",,,,,,,,,Carnivore,,,"Blow snake, hognose snake, faux viper",,,,,GreyYellowBlackTanDark Brown,Scales,,"10-20 years (wild), 15-20 years (captivity)",,2-3 feet,,,12-15,,,,,,,,,,,,,,,,,,1,0,0
Western Rat Snake,['North-America'],Animalia,Chordata,Reptilia,Squamata,Colubridae,Pantherophis,P. obsoletus,"Lizards, rats, mice, birds, squirrels, chipmunks",Hatchlings,Solitary,,,Adults have glossy black bodies that sometimes show faint patterns.,"western rat snake, black rat snake, pilot black snake, black snake",,"Rocky hillsides, farmland, abandoned buildings, forested areas",Carnivore,,Diurnalor Nocturnal Depending on Region and Season,,,,,,BrownGreyBlack,Scales,,20 years,,,,,6-20,,,,,Docile,,,,,"Rats, mice",,,,,,,,1,0,0
Whiptail Lizard,"['Central-America', 'North-America', 'South-America']",Animalia,Chordata,Reptilia,Squamata,Teiidae,,,"termites, beetles, ants",Hatchling,Solitary,,"Human overgrazing, habitat loss",Long and whiplike tail,Racerunner,two month,"Desert, woods, grasslands",Carnivore,,,whiptail lizard,150.0,"North America, Central America, South America, West Indies",,solitary,BrownGreyTan,Scales,17 mph,seven+ years,under an ounce,"1"" to 2""",two years,,two to four eggs,"Gila lizards, coyotes, hawks, foxes",reptile,,,,,,,,,,,,,,,,1,0,0
Wolf Snake,['Asia'],Animalia,Chordata,Reptilia,Squamata,Colubridae,Lycodon,Lycodon capucinus,,,,,,,,,,Omnivore,3 to 11,,Wolf snake,,,,,GreyYellowBlackWhite,,,About 10 years,,20 inches,,,,,,,,,,,Yes,Medium,,,,,,,,,1,0,0
Worm Snake,['North-America'],Animalia,Chordata,Reptilia,Squamata,Colubridae,Carphophis,"Carphophis amoenus, Carphophis vermis","Caterpillars, snails, slugs, and other soft-bodied invertebrates",Snakelets or hatchlings,,,,They have spiked tails but they don't sting!,"Blind snakes, thunder snakes, milk snakes, eastern twig snakes, and cricket snakes",,,Omnivore,,,Worm snake,,,,,RedBlackDark BrownPurplePink,,,4 years,,7.5 - 11 inches,,,,"Other snakes, oppossums, birds",,,"Narrow, cone-shaped heads",,,,No,Low,Earthworms,,,"Abandoned burrows, in decaying wood, or under rocks",Earthworms,,,,1,0,0
Yarara,['South-America'],Animalia,Chordata,Reptilia,Squamata,Viperidae,Bothrops,Bothrops alternatus,"Youngers snakes eat insects, toads, frogs and smaller reptiles. Adults prefer rodents and other small mammals.",,,Unknown,,Vivid brown to black trapezoidal marks edged in white or cream,,,"South American forests, marshes, swamps, grasslands, and riverine habitats",Carnivore,,Nocturnal,"Yarara, crossed pit viper, urutu, wutu",,,,,,,,10 - 20 years,,2.6 - 4 feet,Two years old,,,"Birds of prey, including the burrowing owls",,,The snake's belly is pale with a single dark stripe that runs the entire length of its body,,,,Yes,Medium,,,,,,,,,1,0,0
Yellow Anaconda,['South-America'],Animalia,Chordata,Reptilia,Squamata,Boidae,Eunectes,E. notaeus,"capybara, peccaries, caimans, fish, birds, small deer",Neonates,Solitary,,People hunting them for skins and in retaliation for livestock predation,,"Paraguayan anaconda, yakumama, matatoro, sucuri",About 6 months,,Carnivore,,Nocturnal,Yellow Anaconda,,,,,BrownYellowDull Olive,Scales,,15-23 (longer in captivity),Adults weigh 55-80 pounds,10-15 feet,3-4 years,,20-40,,,,"Dorsal blotches, noticeably yellow base color",Apt to bite,,-2.0,No,High,,Saltwater,,,,South America,,,1,0,0
Yellow Spotted Lizard,['Central-America'],Animalia,Chordata,Reptilia,Squamata,Xantusiidae,Lepidophyma,Lepidophyma flavimaculatum,Insects,"Hatchlings, juvenile, or neonate.",Solitary,Unknown,Loss of habitat,yellow spots,"Yellow-spotted tropical night lizard, yellow-spotted night lizard.",2.5 months,"Rainforests, tropical dry forests, subtropical wet forests, and in water.",Carnivore,,,Yellow spotted night lizard,1.0,"Central America, South America, Mexico",,,YellowDark Brown,Scales,,10-15 years,3.2 lbs.,2.5 – 5 inches,1-2 years old,,5-8 hatchlings,"Birds, other lizards.",Reptile,,,,,,,,,,,,,,,,1,0,0
Zebra Snake,['Africa'],Animalia,Chordata,Reptilia,Squamata,Elapidae,Naja,Naja nigricincta,"rodents, birds, fish, eggs, other reptiles",,,,,,,,,Carnivore,10 - 20 eggs,,"western barred spitting cobra, zebra cobra, zebra snake",,,,,Black,,,12+ years,,4 feet,,,,,,,,,,,Yes,Medium,,,,,,,,,1,0,0
Blood Python,['Asia'],Animalia,Chordata,Reptilia,Squamata,Pythonidae,Brongersmai,Python brongersmai,"Rats, mice, and other rodents",,,,,,,,,Carnivore,,,Blood Python,,,,,BrownYellowRedOrange,Scales,1 mph,up to 25 years,up to 30 pounds,5–8 feet; females are larger than males,2-4 years,,Between 12 and 14 eggs,,Reptile,,,,,,,,,,,,,,,,1,0,0
Box Turtle,"['Central-America', 'North-America']",Animalia,Chordata,Reptilia,Testudines,Emydidae,Terrapene,Terrapene carolina,"Insects, roots, fruit, flowers, amphibians",Hatchlings,Solitary,"Less than 10,000","Habitat loss, automobiles on the road",Colorful shell,,50-90 days,"Forests, fields, residential neighborhoods",Omnivore,,,Box turtle,6.0,"United States, Mexico",,,YellowBlackDark BrownOrange,Hard Outer Shell,0.25 mph,100 plus years,0.5lbs to 2lbs,5in-6in,5 years,,1-11 eggs,"Dogs, skunks, raccoons, snakes and some birds",Reptile,,,,,,,,,,,,,,,,1,0,0
Burmese Python,['Asia'],Animalia,Chordata,Reptilia,Squamata,Pythonidae,Python,Python bivittatus,"Mice, rabbits, and chickens",Hatchlings,Solitary,"30,000 or more around the world.",Humans and alligators,These snakes have puzzle like patches all over the skin.,,2 to 3 months,Natives of jungles and grassy marshes of Southeast Asia,Carnivore,,,Burmese python,1.0,"Native to Asia and can be found from eastern India through Vietnam and southern China. Can also be found in the islands of Java, Bali, small parts of Sulawesi, Sumbawa, and Florida (United States).",,,BrownBlackTan,Scales,1 mph,Around 20 years,Up to 200 pounds,Up to 23 feet long,18 months to 4 years old,,100,Alligators and human beings,Reptiles (Snakes),,,,,,,,,,,,"Mice, rabbits, and chickens",,,,1,0,0
Bush Viper,['Africa'],Animalia,Chordata,Reptilia,Squamata,Viperidae,Atheris,,small mammals and birds,,Solitary,,,,,,,Carnivore,,,Bush viper,,,,,,Scales,,10–20 years,4.4–8.1 pounds,18–24 inches,,,Between nine and 12 at a time,,,,,,,,,,,,,,,,,,1,0,0
Cottonmouth,['North-America'],Animalia,Chordata,Reptilia,Squamata,Viperidae,Agkistrodon,Agkistrodon piscivorus,"Fish, rodents, shrews, frogs, reptiles, birds, insects, and eggs",,,,,,,,,Carnivore,,,Cottonmouth,,,,,BrownBlackOlive,Scales,,15-20 years,,2-6 feet,,,Up to 16 live young,,,,,,,,,,,,,,,,,,1,0,0
Crested Gecko,['Oceania'],Animalia,Chordata,Reptilia,Squamata,Diplodactglidae,Correlophus,Correlophus ciliatus,"Insects, arthropods such as spiders",hatchling,Solitary,,"Habitat destruction, introduction of invasive species.",The fringed crests that shade their eyes and run down the back and over the legs,"New Caledonian crested gecko, eyelash gecko",90 to 190 days,Rainforest from 492 to 3281 feet,Omnivore,,,crested gecko,1.0,New Caledonia,,solitary,YellowRedTanOrangePeach,Scales,30 mph,10 to 20 years in captivity,1.06 to 1.23 ounces,six to 10 inches,nine months to one year,,two,"Fire ants, dogs, cats, snakes, rats, other geckos",reptile,,,,,,,,,,,,,,,,1,0,0
Crocodile,"['Africa', 'Asia', 'Central-America', 'North-America', 'Oceania', 'South-America']",Animalia,Chordata,Reptilia,Crocodilia,Crocodylidae,Crocodylus,Crocodylus acutus,"Fish, crustaceans, deer, buffalo",Hatchling,Social,Unknown,Habitat loss and hunting,Eyes and nostrils located on top of the head and snout,"American crocodile, Orinoco crocodile, Freshwater crocodile, Philippine crocodile, Mexican crocodile, Nile crocodile, New Guinea crocodile, Mugger crocodile, Estuarine crocodile, Cuban crocodile, Siamese crocodile, Dwarf crocodile, Slender-snouted crocodile",,"Rivers, lakes, marshes, lagoons, mangrove swamps and estuaries",Carnivore,,Nocturnal,"Crocodile, Croc",13.0,"North, Central and South America, Africa, Asia, Australia",Have changed little in 200 million years!,Reptile,BrownGreyBlackDull Olive,Plate-like scales,25 mph,20 - 70 years,"18kg - 1,000kg (40lbs - 2,200lbs)",1.7m - 7m (5.5ft - 23ft),4 - 12 years,,,"Humans, Large felines, Birds of prey",,,,,3 months,,,,,,1 - 2 years,,,,,,1,0,0
Gecko,"['Africa', 'Asia', 'Central-America', 'Eurasia', 'Oceania', 'South-America']",Animalia,Chordata,Reptilia,Squamata,,,,,,,,,,,,Rocky deserts and mountainous regions,Carnivore,2,Solitary,,,,"There are thought to be over 2,000 species!",,BrownYellowBlueBlackWhiteTanGreenOrange,Scales,30 mph,2-9 years,18g (0.5oz),,,,,,Reptile,,,,,,,,"Insects, Worms, Small Birds",,,,Insects,,,,1,0,0
Nile Crocodile,['Africa'],Animalia,Chordata,Reptilia,Crocodilia,Crocodylidae,Crocodylus,Crocodylus niloticus,"Fish, hippos, zebras, other crocodiles, birds",Hatchling,Solitary,"50,000-70,000 mature adults",Poaching,Large size,Nile croc,84 to 90 days,"Mangrove swamps, rivers, freshwater marshes",Carnivore,,,Nile Crocodile,2.0,Africa,,,Dark BrownOlive,Scales,22 mph,45 years,"500lbs-1,650lbs",16ft-20ft,"Males-relates to their size, Females-10 years old",Right after hatching,25-80,Humans,Reptile,,,,,,,,,,,,,,,,1,0,0
Rock Python,['Africa'],Animalia,Chordata,Reptilia,Squamata,Pythonidae,Python,Python sebae,"Mammals, including warthogs and antelopes and bats, lizards, crocodiles, fish, the cubs of big cats and the pups of wild dogs, pet dogs, pet cats and livestock",,,,,,,,,Carnivore,,,"Rock python, African rock python",,,,,YellowDull OliveGrey-Brown,Scales,,18 to 30 years,,9 feet 10 inches to over 25 feet,,,20 to 100,,reptile,,,,,,,,,,,,,,,,1,0,0
Desert Tortoise,"['Central-America', 'North-America']",Animalia,Chordata,Reptilia,Testudines,Testudinidae,Gopherus,Gopherus Agassizii,,,,,,,,,Sandy desert plains and rocky hills,Herbivore,,Solitary,,,,Lives in burrows underground!,,BrownYellowBlackTan,Scales,0.3 mph,25 - 60 years,4kg - 7kg (8lbs - 15lbs),25cm - 36cm (10in - 14in),,,,"Coyote, Birds, Gila Monster",Reptile,,Small size and patterned shell,,,7.0,,,"Grasses, Herbs, Flowers",,,,Grasses,,,,1,0,0
Horned Viper,"['Africa', 'Asia']",Animalia,Chordata,Reptilia,Squamata,Viperidae,Vipera,Cerastes cerastes,"Rodents, lizards, birds",,,,,,horned sand viper and desert horned viper,,,Carnivore,,,horned viper,,,,,TanSandyGrey-BrownLight-Brown,Scales,,14 to 18 years,,12–24 inches,,,8 to 20,,reptile,,,,,,,,,,,,,,,,1,0,0
Thorny Devil,['Oceania'],Animalia,Chordata,Reptilia,Squamata,Agamidae,Moloch,Moloch horridus,,,,,,,,,Dry desert and shrub land,Omnivore,6,Solitary,,,,Found only on mainland Australia!,,BrownGreyRed,Scales,37 mph,12-20 years,70-95g (2.5-3.4oz),,,,,"Snakes, Human, Birds",Reptile,,,,,,,,"Ants, Termites",,,,Ants,,,,1,0,0
Wood Turtle,"['Asia', 'Central-America', 'North-America', 'South-America']",Animalia,Chordata,Reptilia,Testudines,Geoemydidae,Geoemydidae,,"Insects, earthworms, small arthropods such as millipedes",Hatchling,Solitary/Group,Several thousand depending on species,"Habitat loss, pet trade, animal predators, humans","The scutes, which have beautiful growth rings","Nihonishigameor, ornate wood turtle, Honduran wood turtle, black river turtle, spot-legged turtle, brown land turtle, Splengleri turtle",8 months,"Deciduous forests, rain forests, marshes, bogs, rivers, streams",Omnivore,,,Wood turtle,9.0,"North America, Central America, South America, China, Vietnam, Japan",,,BrownYellowBlackGreenGrey-Brown,Hard Outer Shell,0.2 mph,Up to 58 years,Up to 3 pounds,About 8 to 9 inches,14 years,,1 to 20,Alligators,Reptile,,,,,,,,,,,,,,,,1,0,0
Gopher Tortoise,['North-America'],Animalia,Chordata,Reptilia,Testudines,Testudinidae,Gopherus,Gopherus polyphemus,Insects (occasionally),"neonate, hatchling",Solitary/Group,"700,000",habitat destruction,Front legs resembling shovels,Florida gopher tortoise,90 days,"Pine Flatwoods, Pine-Oak sandhills, Rocklands, grasslands",Herbivore,,,gopher tortoise,1.0,southeastern United States,,"colony, pod",BrownYellowGrey-Brown,Leather,4.9 mph,40-60 years,8-15lbs,9in-11in,9-21 years,3-5 days,1-23,"humans, birds of prey, cats and dogs, coyotes, raccoons, wild boars, bobcats",Reptile,,,,,,,,,,,,,,,,1,0,0
Green Tree Python,"['Asia', 'Oceania']",Animalia,Chordata,Reptilia,Squamata,Pythonidae,Morelia,Morelia viridis,primarily lizards and rodents,,Solitary,,,,,,,Carnivore,,,"Green tree python, southern green python",,,,,YellowWhiteGreen,Scales,,"average 15-19 years (wild), 20.6 years (captivity)",,"5 feet (average), 7.2 feet (maximum recorded)",,,6-32 eggs,,,,,,,,,,,,,,,,,,1,0,0
River Turtle,"['Africa', 'Asia', 'Central-America', 'Eurasia', 'Europe', 'North-America', 'Oceania', 'South-America']",Animalia,Chordata,Reptilia,Testudines,,,,,,,,,,,,"Slow-moving rivers, streams and ponds",Omnivore,35,Solitary,,,,Inhabits freshwater habitats around the world!,,BrownYellowBlackGreen,Shell,2.4 mph,10-30 years,0.5-8kg (1.1-18lbs),,,,,"Fox, Dog, Human",Reptile,,,,,,,,"Aquatic Plants, Fruits, Fish, Molluscs",,,,Aquatic Plants,,,,1,0,0
Spiny Hill Turtle,['Asia'],Animalia,Chordata,Reptilia,Testudines,Geoemydidae,Heosemys,Heosemys spinosa,,Hatchling,Solitary,Unknown,Habitat destruction,Spiked shell,Cogwheel turtle,100 - 145 days,"Forest, rainforest, mountains, hills",Omnivore,,,Spiny turtle,1.0,Indo-Malaysia,,,BrownRedOrangeBeige,Scales,3 mph,20 years,1.5 - 2kg (3 - 4.5lbs),175 - 220mm (.6 - .75ft),,,1 - 3,humans,Reptile,90 - 110 mm (.3 - .4ft),,,,,,,,,,,"Leaves, fruit, vegetation",,,,1,0,0
Tortoise,"['Africa', 'Asia', 'Central-America', 'Eurasia', 'Europe', 'North-America', 'Oceania', 'South-America']",Animalia,Chordata,Reptilia,Testudines,Testudinidae,,,,,,,,,,,Sandy soil close to water,Herbivore,5,Solitary,,,,Can live until they are more than 150 years old!,,BrownGreyYellowBlackGreen,Scales,0.3 mph,30-150 years,0.1-300kg (0.2-661lbs),,,,,,Reptile,,,,,,,,"Grass, Weeds, Leafy greens",,,,Grass,,,,1,0,0
Turtles,"['Africa', 'Asia', 'Central-America', 'Eurasia', 'Europe', 'North-America', 'Ocean', 'Oceania', 'South-America']",Animalia,Chordata,Reptilia,Testudines,,,,"Crabs, jellyfish, squid, shrimp, cuttlefish, sea squirts, sea cucumbers, sponges, seagrass, algae, worms, snails, insect larvae, aquatic insects, crustaceans, water plants, fallen fruit, frogs, snakes, fish and smaller turtles.",Hatchling,SolitaryGroup,Fewer than 10 million,Accidental capture by fishing gear,Shell,"Sea turtle, snapping turtle, Chelonia",7 weeks to 2 years,"Aquatic, muddy, swampy areas, dry land for sun basking",Omnivore,,SolitaryGroup,Turtle,334.0,"North America, South Asia",,,BrownGreyYellowRedBlueBlackWhiteTanGreenDark BrownOrangePurplePinkOliveDull OliveGrey-Brown,Tough,3 mph,30 - 200+ years,"550 - 2,000lbs",6 cm to 6 ft,2-50 years,,3-8,Humans,Reptile,,,,,,,,,,,,,,,,1,0,0
Slow Worm,"['Asia', 'Eurasia', 'Europe']",Animalia,Chordata,Reptilia,Squamata,Anguidae,Anguis,Anguis fragilis,,,,,,,,,Grassland and woodlands,Carnivore,,Solitary,,,,Found widely throughout British gardens!,,BrownGreyYellowBlackTan,Scales,0.3 mph,10 - 30 years,20g - 100g (0.7oz - 3.5oz),20cm - 50cm (8in - 20in),,,,"Cats, Dogs, Birds",Reptile,,Long snake-like body and small eyes,,,8.0,,,"Insects, Slugs, Worms",,,,Insects,,,,1,0,0
